id,domain,status,purchase_price,renewal_price,attractiveness,demand,length,registrar,created_at,expires_at,status_verified_at
7fb69e6b-24b2-49ee-8aa3-412d06ab62dc,regulate.bio,available,9.99,,high,low,8,name.com,,,
bfffc5c5-3d3a-4836-b682-f248f1905f33,naval.bio,available,5.98,84.98,medium,low,5,namecheap,,,03/09/2026 14:07
d30b9ab6-c621-426a-9007-f5cadd162f6a,biodefence.bio,available,5.98,84.98,medium,low,10,namecheap,,,23/09/2026 17:51
921d36b9-0ec7-47e5-9306-d219fa6bb853,proud.bio,resell,,,high,low,5,"Sav.com, LLC - 2",06/05/2026 15:15,06/05/2027 15:15,27/09/2026 07:46
6827a84a-0c60-4eca-ad18-1bd433911bcf,cope.bio,available,5.98,84.98,high,low,4,namecheap,,,24/09/2026 18:08
89b514c2-14e2-447c-9119-3b205dfe2e54,boulevard.bio,resell,,,medium,low,9,,,,28/09/2026 18:27
bcaea843-dbde-43ee-b600-363407b40e52,food.bio,resell,,,high,medium,4,"Xiamen ChinaSource Internet Service Co., Ltd",16/11/2025 15:15,16/11/2026 15:15,28/09/2026 02:44
c4345a35-c7e0-4ae6-a1af-602bf2bc5759,monkeypod.bio,available,9.99,69.99,medium,low,9,namesilo,,,18/09/2026 03:14
5181be4b-fdc8-413b-b567-b8905db8ab62,encouraged.bio,available,9.99,69.99,high,low,10,namesilo,,,23/09/2026 10:08
58416c26-faff-4a00-94a3-f23930730423,characteristics.bio,available,9.99,,medium,low,15,name.com,,,
b3d5adec-eee2-49a9-ae5a-0196f3331a4e,drummer.bio,available,5.38,58.16,medium,low,7,spaceship,,,28/09/2026 09:32
5e9dc1f7-da55-401b-b607-c0017332a96c,blazon.bio,available,9.99,69.99,high,low,6,namesilo,,,24/09/2026 05:05
e5d5cd11-19fc-41d0-a802-0abd2be780e2,therefor.bio,available,5.98,84.98,medium,low,8,namecheap,,,16/09/2026 08:40
ae36cfaa-0711-42f4-8419-c55fed9da9c8,enclothe.bio,available,5.98,84.98,medium,low,8,namecheap,,,19/09/2026 19:54
6a5f0a39-cbd5-4a67-b9af-701f9dbc0ced,awl.bio,available,5.98,84.98,high,low,3,namecheap,,,21/09/2026 10:07
8803b072-580b-4866-9f11-969f02cf2b4e,buggy.bio,available,9.99,69.99,high,low,5,namesilo,,,22/09/2026 08:13
9eb51915-2d5d-46e2-905b-f5fa2f744b86,kamikaze.bio,available,9.99,,medium,low,8,name.com,,,
00c84777-ceed-441a-8e9c-8dd7d56f36a8,barouche.bio,available,9.99,69.99,medium,low,8,namesilo,,,22/09/2026 07:43
6615e441-6fdf-4aff-8053-b6df842d37d3,willingly.bio,available,9.99,69.99,medium,low,9,namesilo,,,16/09/2026 11:08
8628dbfa-c7c7-4e20-9ee9-e0d4d6359303,compose.bio,resell,,,high,low,7,,,,28/09/2026 20:09
488fff4a-464f-4705-8494-d99397cbdda5,prostrate.bio,available,5.98,84.98,high,low,9,namecheap,,,09/09/2026 03:57
326cbde9-1c76-4975-ae51-46fc74244650,unfading.bio,available,5.98,84.98,medium,low,8,namecheap,,,12/09/2026 09:53
298d2862-e548-44cd-8201-ad06e252eb6f,sensitivity.bio,available,9.99,69.99,high,low,11,namesilo,,,28/09/2026 12:30
324deb31-e793-4729-a37d-813531385135,intellectual.bio,available,56.2,56.2,high,low,12,cloudflare,,,28/09/2026 03:23
8f529fbe-ef31-4a63-bbb2-6a07d6a2f268,andvari.bio,available,9.99,69.99,medium,low,7,namesilo,,,19/09/2026 05:02
1cf76a35-ccac-46ea-85eb-9814cfc8a7f2,bollock.bio,available,5.98,84.98,medium,low,7,namecheap,,,21/09/2026 23:08
6b7df4e1-e725-4be3-ba23-0df1dff701a5,lifts.bio,available,5.38,58.16,medium,low,5,spaceship,,,29/09/2026 05:05
8abc7213-d86c-419a-8991-521bf01e8340,backgammon.bio,available,9.99,69.99,high,low,10,namesilo,,,21/09/2026 15:34
96510f1e-bfbf-4e98-b7ff-413f464cb430,criticise.bio,available,9.99,,medium,low,9,name.com,,,
55e9ccf6-8c4f-40f7-9b21-4944ee321d7f,branching.bio,available,5.98,84.98,high,low,9,namecheap,,,11/08/2026 02:08
caf1b5a4-fd33-4c4a-a319-b8315f7f974c,complain.bio,available,9.99,69.99,high,low,8,namesilo,,,27/09/2026 03:57
6d867455-6a03-41cf-ae11-9b77f2cb0328,determined.bio,available,9.99,69.99,high,low,10,namesilo,,,24/09/2026 07:38
cfe0b330-2fb6-4611-9fa0-16125b6dc6bd,finding.bio,available,9.99,69.99,high,low,7,namesilo,,,19/09/2026 14:57
64827167-e732-4f9a-a855-476680fac97a,flavorful.bio,available,5.98,84.98,high,low,9,namecheap,,,18/08/2026 07:04
9a5cc7b2-8368-403b-92e7-08e84de3376b,astrometry.bio,available,5.98,84.98,medium,low,10,namecheap,,,20/09/2026 17:53
43551eca-5fd5-4cae-b4f3-a203a3eac315,basal.bio,available,,,medium,low,5,,,,
a7896169-bf6e-4b10-a9df-bd24d302187b,testing.bio,available,9.99,,high,low,7,name.com,,,
e8d282a7-1ad2-44ca-83a8-18e0cd161869,followed.bio,available,9.99,69.99,medium,low,8,namesilo,,,25/09/2026 17:12
0092d3d2-ec13-4f77-91ed-29de6403b92f,exclusive.bio,resell,,,high,low,9,"Sav.com, LLC - 41",26/03/2026 15:15,26/03/2027 15:15,26/09/2026 05:56
78f49368-08fe-4876-872b-6bb67e8509ad,anthidium.bio,available,5.98,84.98,medium,low,9,namecheap,,,19/09/2026 13:22
32aefb29-6926-4aa5-a1c3-7efdfb3a4b75,nowhere.bio,resell,9.99,,high,low,7,name.com,,,28/09/2026 16:28
c762fccf-9a57-4301-af27-a1388c6c743f,luncheon.bio,available,9.99,,high,low,8,name.com,,,
d78403c8-341a-4c10-947e-8da79892490b,genu.bio,available,9.99,69.99,medium,low,4,namesilo,,,20/09/2026 11:29
0a0a9fe4-5067-45e8-afe6-54ac53293718,overhand.bio,available,5.98,84.98,high,low,8,namecheap,,,04/09/2026 20:09
2bc55ba1-b57a-4fca-a2ab-5b04dd63467e,conjoined.bio,available,5.98,84.98,medium,low,9,namecheap,,,12/08/2026 22:03
830ac1aa-3211-4abc-ab8a-1766f75dab80,doped.bio,available,5.98,84.98,medium,low,5,namecheap,,,14/08/2026 15:59
7812bbce-9e8b-42fa-865e-382f02ea3a8d,veal.bio,premium,118.8,118.8,medium,low,4,namesilo,,,
291ea785-9023-49b7-9000-14d6ec77667d,immunized.bio,available,5.98,84.98,medium,low,9,namecheap,,,21/08/2026 21:30
09a642ac-e39f-4147-8c75-a76063e3d2ae,price.bio,resell,,,high,low,5,Porkbun LLC,10/03/2021 15:40,10/03/2027 15:40,26/09/2026 08:19
27039462-0125-4d3e-9b07-8e444737649d,appetiser.bio,available,5.98,84.98,medium,low,9,namecheap,,,19/09/2026 20:48
444dc0e4-59b5-4870-a2c6-637811ab5d3e,heating.bio,available,5.98,84.98,high,low,7,namecheap,,,13/09/2026 08:24
2b12d0e5-be51-45d0-93e3-cb01bf0bc30f,luigi.bio,premium,118.8,118.8,high,low,5,namesilo,,,27/09/2026 07:36
f5fbff0a-bbb6-4d3a-9ec3-a7c90bd543ee,rakes.bio,available,9.99,69.99,medium,low,5,namesilo,,,20/09/2026 22:29
675ba301-3580-40f6-a872-0bb55c6c3a99,unvoiced.bio,available,5.98,84.98,medium,low,8,namecheap,,,11/09/2026 03:39
8c43ea6f-7048-48aa-84b6-be7d66455905,dildo.bio,available,9.99,69.99,high,low,5,namesilo,,,24/09/2026 22:19
6595419d-921e-4cca-b991-2ce9a35ff1ae,health.bio,premium,1995,1995,high,medium,6,namesilo,,,28/09/2026 03:06
174cbaa0-177b-42b1-982d-a93f99faa560,grandpa.bio,available,9.99,,high,low,7,name.com,,,
5cbbdc19-9d03-429b-96b4-5e337b784542,avoiding.bio,available,9.99,69.99,high,low,8,namesilo,,,28/09/2026 03:32
2b4c64b8-c7cb-4938-87d7-5284aae5b57d,aslant.bio,available,5.98,84.98,medium,low,6,namecheap,,,07/08/2026 03:56
fc076912-463f-4663-9324-93d620d89e66,postmortem.bio,available,5.98,84.98,medium,low,10,namecheap,,,09/09/2026 00:31
8d225fe5-64af-4c1e-b295-3a9ec8089433,academe.bio,available,5.98,84.98,high,low,7,namecheap,,,16/09/2026 20:22
cbbbdd8c-ea73-45ab-ab9a-dc2cebec97cb,laminal.bio,available,5.98,84.98,medium,low,7,namecheap,,,22/08/2026 19:09
95427e26-4a9a-4ee8-a3b7-44e0bbbb50cb,company.bio,resell,,,high,low,7,"Xiamen ChinaSource Internet Service Co., Ltd",05/02/2026 15:15,05/02/2027 15:15,28/09/2026 02:42
de5fe2d4-d200-4df4-a3bf-9b64bf84aa9f,hereby.bio,available,5.98,84.98,medium,low,6,namecheap,,,15/09/2026 00:25
7f0c89ac-4322-4ecd-bb54-05d11dc7506b,weepy.bio,available,5.98,84.98,medium,low,5,namecheap,,,13/09/2026 10:06
db44881d-697b-4330-b319-28a20849a68b,insurance.bio,resell,,,high,medium,9,"Sav.com, LLC - 48",03/02/2026 15:15,03/02/2027 15:15,26/09/2026 06:54
e388515a-9753-47d7-bd11-2b596426b5a6,cotton.bio,available,,,high,low,6,,,,
c1e19d5b-a196-4713-9e9c-4c9d29c92917,implanted.bio,available,5.98,84.98,medium,low,9,namecheap,,,13/08/2026 22:47
7abee39e-97a4-470b-a2c9-41de78798133,careful.bio,available,9.99,69.99,high,low,7,namesilo,,,23/09/2026 12:50
060cac56-5362-45dc-bf66-bfdb6e88c7bb,ventilation.bio,available,56.2,56.2,medium,low,11,cloudflare,,,29/09/2026 04:52
a338a0d4-46fc-4a3c-b8de-ed8d5505fbe2,avoided.bio,available,5.38,58.16,low,low,7,spaceship,,,29/09/2026 05:05
8d1c2977-9403-4e00-bc00-df4ca853166f,abronia.bio,available,5.98,84.98,medium,low,7,namecheap,,,16/09/2026 17:19
b7c5b594-6fb6-4422-bdcd-e1c36b44012f,zymotic.bio,available,5.98,84.98,medium,low,7,namecheap,,,13/09/2026 15:57
30f27391-369b-490b-9f0f-7c07ea328a47,dinosaur.bio,available,9.99,,high,low,8,name.com,,,
6e974a22-8aa9-42a2-a65f-4c7a69735456,levantine.bio,available,5.98,84.98,medium,low,9,namecheap,,,23/08/2026 00:31
df0527d4-8f89-4639-ba7e-86a509a2f54d,diplomat.bio,available,9.99,69.99,high,low,8,namesilo,,,25/09/2026 09:26
1d52356f-464b-4653-9725-3e6bceeac144,ternary.bio,available,5.98,84.98,medium,low,7,namecheap,,,
254980e2-824f-4996-b1cd-549ef8d96181,raven.bio,resell,,,high,medium,5,,,,28/09/2026 09:27
e39c4c6a-ba4a-43bf-8526-f2c6f09db27f,tappan.bio,available,9.99,69.99,medium,low,6,namesilo,,,20/09/2026 11:08
d7030994-73f4-4135-88c3-09f4151df924,externally.bio,available,5.98,84.98,medium,low,10,namecheap,,,14/09/2026 17:11
e3170463-66de-440f-9e58-0452ba3382df,illusional.bio,available,5.98,84.98,medium,low,10,namecheap,,,21/08/2026 20:11
2d7d665b-82dc-44fd-b322-4d7eb5a09288,replying.bio,available,9.99,69.99,medium,low,8,namesilo,,,18/09/2026 12:55
be7ce057-8fcc-4855-a55d-b4b6219c1b09,dion.bio,available,56.2,56.2,medium,low,4,cloudflare,,,28/09/2026 09:08
c20ebaa1-fbe0-488d-baa6-66c944113aba,unshapen.bio,available,5.98,84.98,medium,low,8,namecheap,,,12/09/2026 19:33
7a1a31e1-21c9-49b1-bf13-c2f998d7306b,drawing.bio,available,9.99,,high,low,7,name.com,,,
c2ef09ea-93b4-494f-a516-8a4ae792df4d,legally.bio,available,9.99,99.99,medium,low,7,name.com,,,13/08/2026 19:07
b4210236-5975-434b-ac6c-6baf4d9fc1b9,almoner.bio,available,5.98,84.98,medium,low,7,namecheap,,,18/09/2026 12:40
ad67605f-bff9-4134-81c8-560215422cba,organ.bio,available,9.99,,high,low,5,name.com,,,
d542788b-f1f8-4e54-9832-aaca4dd7b027,jowly.bio,available,5.98,84.98,medium,low,5,namecheap,,,14/08/2026 16:48
cd0b676b-eda2-4d74-a908-c7c7edcc19a6,statewide.bio,available,5.98,84.98,high,low,9,namecheap,,,10/09/2026 19:10
55f0474c-3651-49dc-bf8d-835842427ab0,cause.bio,available,5.98,84.98,high,low,5,namecheap,,,24/09/2026 13:11
16efd934-6136-4b6c-ae48-9a2d6bcdd953,sloppy.bio,available,5.98,84.98,high,low,6,namecheap,,,08/08/2026 08:22
c121df67-697f-4b3a-a74f-639dfcfb9a87,crushed.bio,available,5.98,84.98,high,low,7,namecheap,,,13/08/2026 09:11
4e1c8207-bfee-4157-ad39-1369c686630a,tubed.bio,available,5.98,84.98,medium,low,5,namecheap,,,11/09/2026 20:56
bb3b5e18-c7c2-4730-a589-c8ac4987e433,geese.bio,available,9.99,,medium,low,5,name.com,,,
443ba3fb-a7ea-414d-800f-a588273838e0,papist.bio,available,5.98,84.98,medium,low,6,namecheap,,,05/09/2026 01:35
8783d1ce-1196-4ca3-ba94-00374c07faa5,stripy.bio,available,5.98,84.98,medium,low,6,namecheap,,,10/09/2026 22:46
93ffbf56-1442-4c3d-b48c-847ca617133e,grayly.bio,available,5.98,84.98,low,low,6,namecheap,,,14/09/2026 22:14
de079d70-9102-4793-b019-1c415c093638,vestibule.bio,available,9.99,69.99,high,low,9,namesilo,,,19/09/2026 12:47
68d7d1d0-c5d5-4056-ba6b-912ccc3144d1,bacchanal.bio,available,5.98,84.98,high,low,9,namecheap,,,08/08/2026 04:14
1098510c-ad22-43b0-a95d-f1ce5c75f609,analphabet.bio,available,5.98,84.98,medium,low,10,namecheap,,,
5eecdd83-a79c-4670-b607-68ad095845ad,thinking.bio,available,5.66,58.19,high,low,8,porkbun,,,28/09/2026 02:31
83dd16a1-8f6d-4bf5-95dc-0cb92c0a0bcc,coltsfoot.bio,available,5.98,84.98,medium,low,9,namecheap,,,23/09/2026 01:58
83eee2bd-d190-4e9a-9194-e640621310c9,candidly.bio,available,5.98,84.98,medium,low,8,namecheap,,,14/09/2026 05:06
a02894d7-300b-4b4a-81d8-221043a2ea4d,abductor.bio,available,5.98,84.98,medium,low,8,namecheap,,,16/09/2026 14:54
4615c56c-cb87-4d7b-b25f-790d1fa814ad,strut.bio,available,5.98,84.98,high,low,5,namecheap,,,11/09/2026 05:11
0466fa77-5cd4-48ba-b6d5-cc2cedf977cf,canny.bio,available,5.98,84.98,medium,low,5,namecheap,,,11/08/2026 13:23
8fba7cd2-25c8-467c-913b-7612507eb287,brotherly.bio,available,5.98,84.98,high,low,9,namecheap,,,11/08/2026 06:18
4791db69-5b9f-4993-803c-dff2b7911144,collegiate.bio,available,5.98,84.98,high,low,10,namecheap,,,12/08/2026 17:08
dba1cc03-536b-45ae-a986-8aad101a6824,toklas.bio,available,9.99,99.99,medium,low,6,name.com,,,18/09/2026 07:28
474be5ff-ba83-43e6-b1b3-a19e5c49259e,smoke.bio,resell,9.99,,high,low,5,name.com,,,27/09/2026 23:23
d27f2690-122a-4d50-9035-0ab6a79e0d67,riemann.bio,available,9.99,69.99,high,low,7,namesilo,,,23/09/2026 09:54
72db5148-80d6-4a6d-acf0-3cecd06ddb4c,silvertip.bio,available,5.98,84.98,medium,low,9,namecheap,,,20/08/2026 20:13
83e5e101-3e21-4c42-ad34-e05c34511bbf,salty.bio,resell,,,high,low,5,"Sav.com, LLC - 16",08/05/2026 15:15,08/05/2027 15:15,26/09/2026 08:48
2244fba1-405d-4b02-a204-4714f14154c5,ravishing.bio,available,5.98,84.98,high,low,9,namecheap,,,09/09/2026 10:42
89351699-b3e5-43e5-8468-db659605a5b2,expandable.bio,available,5.98,84.98,high,low,10,namecheap,,,17/08/2026 17:51
2d9ec4da-0fe4-4912-8869-adee8b9503f2,evitable.bio,available,5.98,84.98,medium,low,8,namecheap,,,07/08/2026 22:45
da0d8c5f-84f0-44bf-8a8f-8af09606bd76,covering.bio,available,9.99,,high,low,8,name.com,,,
7b2e0de6-f77a-4ed0-adfa-26a0b0682e3d,moroccan.bio,available,5.98,84.98,high,low,8,namecheap,,,24/08/2026 16:17
ee9c79ca-6ee5-4a62-91df-08fe8cc28f57,itinerant.bio,available,5.98,84.98,high,low,9,namecheap,,,22/08/2026 11:41
d7ae7a6b-652d-498e-be24-02137b304a8f,protects.bio,available,56.2,56.2,medium,low,8,cloudflare,,,29/09/2026 00:03
8e921121-7eb6-4f40-9bc0-5c79104e70eb,desire.bio,resell,,,high,low,6,Dynadot Inc,17/05/2026 06:17,17/05/2027 06:17,26/09/2026 05:31
79ebd550-4ab2-4e49-987a-26381de9b59c,autarkic.bio,available,5.98,84.98,medium,low,8,namecheap,,,07/08/2026 18:47
b6120321-1afa-4521-9bf8-7ba477114149,xix.bio,available,9.99,69.99,high,low,3,namesilo,,,21/09/2026 12:08
245213cb-2510-4efc-9150-682922f8d3cc,sybarite.bio,available,5.98,84.98,medium,low,8,namecheap,,,13/09/2026 07:15
28a6f2ca-cf72-4dff-aad6-c7c623e34110,astilbe.bio,available,9.99,69.99,medium,low,7,namesilo,,,20/09/2026 17:26
3e362f00-d8b2-46f1-b6c1-c5c961993c1b,documented.bio,available,9.99,69.99,high,low,10,namesilo,,,22/09/2026 11:37
e836dbd2-a7d4-4b94-a8ee-a0842352c474,scrimmage.bio,available,9.99,69.99,high,low,9,namesilo,,,22/09/2026 16:24
7f8efe49-a875-477a-a86b-93e917c9f314,announcing.bio,available,9.5,,medium,low,10,unstoppable,,,29/09/2026 05:34
308e880c-07de-4577-b639-bf7718726a5a,cheryl.bio,available,9.99,69.99,high,low,6,namesilo,,,27/09/2026 07:16
e3497072-ce7a-4340-aceb-0a8f479e9b77,tito.bio,available,9.99,69.99,high,low,4,namesilo,,,25/09/2026 23:21
de57c4a2-065e-45d3-8ebc-97520f462f6e,andira.bio,available,5.98,84.98,medium,low,6,namecheap,,,19/09/2026 04:05
b5b2c9d5-6c7a-43f2-b9bf-ea3aae5800ff,denny.bio,available,9.99,69.99,high,low,5,namesilo,,,25/09/2026 15:22
8533d60a-babc-4cb0-9932-a85032e343ec,lavatory.bio,available,5.98,84.98,high,low,8,namecheap,,,09/09/2026 02:14
8c4ddc8a-54f4-4c02-9173-5570ffcf6d41,graven.bio,available,5.98,84.98,medium,low,6,namecheap,,,17/08/2026 07:43
cbf61693-5119-4659-8b0f-15a1cc147377,tireless.bio,available,5.98,84.98,high,low,8,namecheap,,,21/08/2026 00:49
794ebd7e-b679-4776-9cc7-03fb060fd6fa,competence.bio,available,9.99,69.99,high,low,10,namesilo,,,24/09/2026 16:46
4bbcf959-e60a-4b26-bf46-94b7a3311bd9,temp.bio,resell,,,high,low,4,"Sav.com, LLC - 26",08/05/2026 15:15,08/05/2027 15:15,26/09/2026 09:33
d9d718ea-9731-4096-a126-008decd34f9a,homeless.bio,available,5.98,84.98,high,low,8,namecheap,,,14/08/2026 12:07
c700f58b-ade9-43c3-99e5-c6615d8b0b6f,pastorale.bio,available,5.98,84.98,medium,low,9,namecheap,,,08/09/2026 10:10
20021c5a-a3ea-4271-8dc5-f14ff119b4a1,distortion.bio,available,5.98,84.98,high,low,10,namecheap,,,11/09/2026 21:55
a44622ab-f3c8-4485-8ce4-adf2e87b9ed7,sufferer.bio,available,9.99,69.99,medium,low,8,namesilo,,,24/09/2026 22:36
625bc89a-dc27-4463-b5b9-df4acf1ee3e3,unproven.bio,available,5.98,84.98,medium,low,8,namecheap,,,12/09/2026 17:33
f015d0fa-28cb-41ea-9805-f05adca34098,improver.bio,available,5.98,84.98,high,low,8,namecheap,,,21/08/2026 14:58
ec0bc28e-11b0-4980-a19d-e8cf5e41933b,trashy.bio,available,5.98,84.98,medium,low,6,namecheap,,,18/08/2026 06:44
5ed80958-edf9-458f-b587-9084ed29c097,temperate.bio,available,5.98,84.98,high,low,9,namecheap,,,11/09/2026 10:48
c6785b55-d1c0-4b82-9bb7-31e86955a5fa,foote.bio,available,9.99,69.99,medium,low,5,namesilo,,,28/09/2026 08:03
0c873d99-4f3e-4664-bc86-f8af9362d9f3,erst.bio,available,5.98,84.98,medium,low,4,namecheap,,,17/08/2026 13:07
9c13ff99-b635-42fc-a58c-48bfeb290fe4,leasing.bio,available,9.99,69.99,high,low,7,namesilo,,,25/09/2026 11:33
249e941e-d4b9-4216-bb4e-9d7209486a22,aplysia.bio,available,5.98,84.98,medium,low,7,namecheap,,,19/09/2026 17:53
da3c99b7-9a78-4963-a829-4190443f7cb2,suspicion.bio,available,9.99,69.99,high,low,9,namesilo,,,24/09/2026 23:14
39a4bbbf-7512-4a4e-af2a-39810484a4f1,cleaned.bio,available,9.99,69.99,high,low,7,namesilo,,,27/09/2026 02:45
a4655bdb-d9d7-4b64-95bd-8316ebec2d93,abscissa.bio,available,9.99,69.99,medium,low,8,namesilo,,,16/09/2026 17:32
a6bda003-a82c-45ef-bd0e-bc489b65b084,stabbed.bio,available,9.99,69.99,low,low,7,namesilo,,,28/09/2026 00:02
20f49414-c699-4c84-a45d-3b96bbd703df,artwork.bio,resell,9.99,,high,low,7,name.com,,,28/09/2026 22:22
f799bef1-a7e7-4438-be42-366be3c2df6a,ignoring.bio,available,9.5,,medium,low,8,unstoppable,,,28/09/2026 11:32
6f103f3e-eb32-4af7-884a-d9247f439042,unstated.bio,available,5.98,84.98,medium,low,8,namecheap,,,12/09/2026 09:45
b2fe2316-d933-45f5-af1e-092b7a3bc43d,lay.bio,available,9.99,69.99,high,low,3,namesilo,,,25/09/2026 13:03
3656f577-cbc7-46e6-aaa6-31fb556d019b,materially.bio,available,5.98,84.98,medium,low,10,namecheap,,,15/09/2026 13:37
2f65c022-de67-4ccd-9dad-a2278cba42a7,hedged.bio,available,5.98,84.98,medium,low,6,namecheap,,,21/08/2026 05:50
15de9754-754f-4ada-b778-3beb9f62fbe7,flier.bio,available,5.98,84.98,high,low,5,namecheap,,,11/08/2026 05:10
71ce58f4-8e80-401e-9be4-c3ec0ca12ab0,today.bio,premium,242,242,high,low,5,namesilo,,,28/09/2026 22:29
d9bdfcdf-4d1a-46d3-aa1d-b7646b49442f,crashed.bio,available,56.2,56.2,low,low,7,cloudflare,,,27/09/2026 11:29
02fb0701-c511-4e8c-a3d0-10b81952c1f1,moonlit.bio,available,5.98,84.98,high,low,7,namecheap,,,25/08/2026 05:56
591ae680-ae40-4c36-bb53-04013aeb62ce,abiders.bio,available,9.99,69.99,high,low,7,namesilo,,,18/09/2026 03:55
2b822788-8ba5-4779-a190-d0406a551a02,pipes.bio,available,9.99,69.99,high,low,5,namesilo,,,27/09/2026 22:20
0b5ab237-6c2d-4d8d-a473-b3b614a2397f,sheraton.bio,available,,,high,high,8,,,,
3e3de6be-c220-4d9a-9ff6-3ed268992110,operose.bio,available,5.98,84.98,medium,low,7,namecheap,,,06/08/2026 17:05
d6e91833-8eda-4d2a-b26a-4316a301ac47,mahmoud.bio,available,56.2,56.2,medium,low,7,cloudflare,,,29/09/2026 04:11
408e1273-dabe-4b06-8fea-eec22f54b0af,harmonical.bio,available,5.98,84.98,medium,low,10,namecheap,,,12/08/2026 22:48
c51a4ec9-cd3e-498b-a701-0422a7a1d207,cubistic.bio,available,5.98,84.98,medium,low,8,namecheap,,,13/08/2026 10:05
8afdc73e-bf05-4e6c-912d-5bd46dfc44c2,trifid.bio,available,5.98,84.98,medium,low,6,namecheap,,,11/09/2026 19:33
46150ddd-cc86-4e73-a273-77df1c29c4f0,mildly.bio,available,5.98,84.98,medium,low,6,namecheap,,,15/09/2026 14:43
853b7d83-0bf6-4d9e-b50e-83c72d6dd2a2,degage.bio,available,5.98,84.98,medium,low,6,namecheap,,,13/08/2026 23:57
9905c513-665a-4335-87b4-7253b5d85a8c,delivered.bio,available,5.98,84.98,medium,low,9,namecheap,,,25/09/2026 18:04
98129e26-4bb4-4df5-9708-19cd19069dd2,goldilocks.bio,available,9.99,69.99,high,low,10,namesilo,,,20/09/2026 17:03
41e67f5d-d246-4664-85a1-f1f3c78b816a,abolition.bio,available,9.99,69.99,high,low,9,namesilo,,,16/09/2026 16:28
1fdac252-e00d-48f1-93d4-dad2cea9a336,pub.bio,premium,123.75,,high,low,3,name.com,,,
2bc1191e-92fd-4572-a255-ed825f4a66f5,aloha.bio,resell,,,high,low,5,"Sav.com, LLC - 35",27/03/2026 15:15,27/03/2027 15:15,26/09/2026 03:48
78043058-abc0-42f6-87fc-f310af56fa56,oversea.bio,available,5.98,84.98,high,low,7,namecheap,,,04/09/2026 21:46
d249d68a-5a91-48c4-a267-611fe6614a50,louisiana.bio,available,56.2,56.2,high,low,9,cloudflare,,,28/09/2026 10:17
7aaf00a2-df37-49a6-ad29-5549dc082aeb,sublunary.bio,available,5.98,84.98,medium,low,9,namecheap,,,12/08/2026 08:28
a66be5c1-2b7c-4387-90f2-ad6e5bdcf858,audacious.bio,available,5.98,84.98,high,low,9,namecheap,,,22/09/2026 12:06
3f076e51-322b-40c1-9041-6b3da9f7dc1c,kleist.bio,available,5.98,84.98,medium,low,6,namecheap,,,23/09/2026 09:54
2ba8af10-ad5e-4bd3-84a8-1b1514f78b8b,glossary.bio,available,9.99,,high,low,8,name.com,,,
44fa154b-1508-4d2c-bd52-2b4909f21e99,miriam.bio,premium,118.8,118.8,high,low,6,namesilo,,,28/09/2026 03:46
9303a643-78b2-4c0f-9c28-d5377cbd259c,colourless.bio,available,5.98,84.98,medium,low,10,namecheap,,,12/08/2026 17:55
227319c4-3b31-45aa-bf27-1793aeedb13e,fool.bio,available,5.98,84.98,medium,low,4,namecheap,,,12/08/2026 15:15
36975b4e-9e52-4171-8523-b92b2c007a42,debris.bio,available,5.98,84.98,medium,low,6,namecheap,,,28/09/2026 18:54
feeef10d-e6fb-4b6a-9ad9-f1bddd44cdda,distressed.bio,available,5.98,84.98,medium,low,10,namecheap,,,14/08/2026 12:16
f7271d6e-d843-4634-8646-bf4616002567,prejudice.bio,available,5.98,84.98,high,low,9,namecheap,,,22/09/2026 20:16
09eab348-dba3-47e0-bf56-8ec3ae13504a,greylag.bio,available,9.99,69.99,medium,low,7,namesilo,,,19/09/2026 12:07
b022e0b4-600d-4175-9336-3f8ef8f16772,piecemeal.bio,available,5.98,84.98,high,low,9,namecheap,,,10/08/2026 07:07
880f9df0-abc8-4208-b061-0fb52fb73b94,meekly.bio,available,5.98,84.98,medium,low,6,namecheap,,,15/09/2026 01:24
2150d5a2-5c4d-4755-898c-29336d1379ca,resect.bio,available,5.98,84.98,medium,low,6,namecheap,,,17/08/2026 15:12
7e451951-5a6d-451f-9a0b-f4d211c05ba5,earth.bio,available,,,high,medium,5,,,,
d7ebc29b-cc55-4625-b791-6367c9e7ae04,drawer.bio,available,9.99,69.99,high,low,6,namesilo,,,24/09/2026 23:56
99a73776-109f-4bf7-aedd-b218724d2fe6,abstractly.bio,available,5.98,84.98,medium,low,10,namecheap,,,13/09/2026 16:42
2db0a9af-8668-4729-be33-62a413779c27,cursory.bio,available,5.98,84.98,medium,low,7,namecheap,,,13/08/2026 11:41
00c4af9b-66b5-4962-8d20-ffe7056b5e2c,excursive.bio,available,5.98,84.98,medium,low,9,namecheap,,,17/08/2026 16:39
74b9383c-9b99-41c1-9d79-d42c66907681,zionist.bio,available,5.98,84.98,high,low,7,namecheap,,,13/09/2026 15:21
fcb28e39-681e-4f33-98d2-b94a9c900cc8,antido.bio,available,5.98,84.98,medium,low,6,namecheap,,,19/09/2026 14:17
e2a7c0c0-b0fe-40d0-a145-3629b6dc8491,snakebird.bio,available,9.99,69.99,medium,low,9,namesilo,,,19/09/2026 08:17
e3ec5180-428a-4a94-9ee1-1887dec4e6b1,racing.bio,premium,118.8,118.8,high,low,6,namesilo,,,
a16a68e4-9245-45c1-9dd0-99904a141215,astrocyte.bio,available,9.99,69.99,medium,low,9,namesilo,,,20/09/2026 17:36
1cde2c90-3761-4866-b8de-7d1a286f81c0,loft.bio,resell,,,high,low,4,"Sav.com, LLC - 8",07/05/2026 15:16,07/05/2027 15:16,26/09/2026 07:17
5ecdea6f-0d07-4f90-a509-e30405c9c0b0,cattleman.bio,available,9.99,69.99,high,low,9,namesilo,,,23/09/2026 00:40
29ca64ce-5ade-4bd7-b7a7-92904b71eb49,pumps.bio,available,56.2,56.2,medium,low,5,cloudflare,,,28/09/2026 17:44
04d36125-9ff8-4b63-ba78-293c0a92ee98,remarks.bio,available,9.99,69.99,medium,low,7,namesilo,,,18/09/2026 03:12
ca679813-0181-4d6b-a9a3-3a56f7b3f653,dill.bio,available,9.99,69.99,high,low,4,namesilo,,,19/09/2026 05:36
cc1251cb-4f55-43b7-9387-52ab4c1de48e,offenders.bio,available,9.5,,low,low,9,unstoppable,,,29/09/2026 05:55
0cec173e-5c50-4283-8df0-3b7c75126e3f,acrid.bio,available,,,medium,low,5,,,,
e3377232-b807-4282-85be-fff2f97ccfd1,backwoods.bio,available,9.99,69.99,high,low,9,namesilo,,,21/09/2026 14:31
4be0a927-cc52-41eb-8cd5-031be09a350b,startling.bio,available,5.98,84.98,medium,low,9,namecheap,,,10/09/2026 19:02
7929123a-ed8d-4ad8-96e4-018e2d8a0792,aphakia.bio,available,9.99,69.99,medium,low,7,namesilo,,,19/09/2026 16:51
781b20b0-8662-4703-9949-1ab4011b5688,shrewdness.bio,available,5.98,84.98,high,low,10,namecheap,,,20/09/2026 18:18
1f892abe-e879-4009-adf2-bf4c4c6116c7,ragamuffin.bio,available,5.98,84.98,medium,low,10,namecheap,,,11/09/2026 09:09
d324eae6-95e6-4ad3-9b0d-ab97a42cee41,arizonan.bio,available,9.99,69.99,medium,low,8,namesilo,,,20/09/2026 06:05
2d96a50a-4278-4675-b114-3d2c58f88c23,amharic.bio,available,5.98,84.98,medium,low,7,namecheap,,,
e3095a03-2964-4a11-8798-c6b717f6a147,recorded.bio,available,9.99,69.99,high,low,8,namesilo,,,27/09/2026 10:58
38866774-ee6c-4944-a6ad-375b38a4826f,masks.bio,available,56.2,56.2,medium,low,5,cloudflare,,,28/09/2026 09:01
33dbddf5-ab34-4983-b5a9-d94b54b490e6,bushy.bio,available,5.98,84.98,high,low,5,namecheap,,,11/08/2026 11:15
e7877299-2890-4286-8d05-9a1c6e820885,mongoloid.bio,available,5.98,84.98,medium,low,9,namecheap,,,25/08/2026 04:49
9056d9dc-008f-4e84-b55e-e61a35e20ebb,oberlin.bio,available,5.38,58.16,medium,low,7,spaceship,,,28/09/2026 04:20
910d0932-0505-46b1-8443-e9749cf79125,polyhedral.bio,available,5.98,84.98,medium,low,10,namecheap,,,08/09/2026 23:24
a32e20e8-7d36-4420-b5c9-1eb270836c7b,mown.bio,available,5.98,84.98,medium,low,4,namecheap,,,25/08/2026 09:14
1b02e7a8-7bb5-46f5-ab1a-daad1ab34fac,hash.bio,resell,,,high,medium,4,,,,29/09/2026 01:16
de53845b-059c-4680-9073-02db7febfb90,esophageal.bio,available,5.98,84.98,medium,low,10,namecheap,,,17/08/2026 13:16
9ece698e-a269-4a7c-9bbc-894009816aa7,alate.bio,available,5.98,84.98,medium,low,5,namecheap,,,
c9b854f6-63aa-42c4-89c9-4602218139de,acids.bio,available,9.99,,medium,low,5,name.com,,,
59a15a3c-f970-42a4-8674-e5a8003aa5d5,ionian.bio,available,5.98,84.98,high,low,6,namecheap,,,22/08/2026 09:28
5494562b-b479-4647-aadc-430da7a3f987,segmental.bio,available,5.98,84.98,medium,low,9,namecheap,,,24/08/2026 21:41
2547ff13-57b7-4681-97ab-e76a72983338,apogamy.bio,available,5.98,84.98,medium,low,7,namecheap,,,19/09/2026 18:27
74dca0d8-d9ec-4295-9457-a2aafa0d7347,xxiii.bio,available,5.98,84.98,medium,low,5,namecheap,,,
fef60646-e271-45c0-acf9-0ce55e5a70a3,heavy.bio,resell,,,high,low,5,Dynadot Inc,20/06/2026 17:59,20/06/2027 17:59,26/09/2026 06:37
8ce1eb2b-4b4c-4714-ad80-6711a2b1314f,waterflow.bio,available,9.99,,high,low,9,name.com,,,
b06d6f49-03c9-4dba-a7e5-768f06d3c26f,fifties.bio,available,9.99,69.99,high,low,7,namesilo,,,16/09/2026 12:10
a87a6962-f219-457b-93e7-4c4f0755ae03,subtropical.bio,available,9.99,69.99,medium,low,11,namesilo,,,28/09/2026 11:31
37d53d38-ba98-4424-9a58-14d4569e6953,arrangements.bio,available,9.99,69.99,medium,low,12,namesilo,,,27/09/2026 10:40
51683f75-50a6-4128-aee0-9b1c968d5d33,procter.bio,available,9.99,69.99,medium,low,7,namesilo,,,29/09/2026 04:27
996ced28-f9c9-4e1b-9132-6ae2f6250fbd,rockwell.bio,available,9.99,69.99,high,low,8,namesilo,,,27/09/2026 04:54
8786b45f-45e6-4a5c-8c4e-6a5b7d9fa745,hesitate.bio,available,5.38,58.16,medium,low,8,spaceship,,,28/09/2026 20:09
b1560383-5921-4ee2-bc11-da5df3679dfb,argent.bio,resell,,,medium,low,6,"Sav.com, LLC - 41",22/03/2026 15:15,22/03/2027 15:15,26/09/2026 03:59
cf3454dd-63f6-4475-a637-ae7350593ee8,carleton.bio,available,9.99,69.99,high,low,8,namesilo,,,25/09/2026 15:18
f7430051-ef1d-4762-addd-08ac723c8e4d,lascivious.bio,available,5.98,84.98,medium,low,10,namecheap,,,22/08/2026 20:04
c17f7458-0449-4b04-8248-d1ad8783965d,tasselled.bio,available,5.98,84.98,medium,low,9,namecheap,,,11/09/2026 08:58
83434a53-cab4-4936-82b9-06b33fe5a948,grenoble.bio,premium,99.5,,medium,low,8,unstoppable,,,28/09/2026 19:22
0545487f-f397-42b2-85b3-cf0c56cababb,heroes.bio,resell,9.99,,high,low,6,Dynadot Inc,17/05/2026 06:16,17/05/2027 06:16,26/09/2026 06:38
e907c31e-a61d-4bb5-8292-9e41cce132de,formally.bio,available,5.98,84.98,medium,low,8,namecheap,,,14/09/2026 19:42
76362517-0cb0-4b8a-ae58-7c81284b572c,demure.bio,available,5.98,84.98,high,low,6,namecheap,,,13/08/2026 04:10
a35161bc-a306-48c3-bb7b-68a0d8505a1a,suicidal.bio,available,5.98,84.98,medium,low,8,namecheap,,,10/09/2026 02:02
9d240738-5762-4ac7-9844-52eae1b0afb9,sickness.bio,available,9.99,69.99,medium,low,8,namesilo,,,27/09/2026 04:31
0d9d7662-f07c-43b1-9e98-d6a6ba3b82c5,amniote.bio,available,5.98,84.98,medium,low,7,namecheap,,,18/09/2026 22:28
afe3b03e-3e87-45d1-a3a2-1698a9bdf8b1,felted.bio,available,5.98,84.98,medium,low,6,namecheap,,,18/08/2026 01:00
d7244648-a7b7-48f7-bdd6-f847d1dd592d,craniate.bio,available,5.98,84.98,medium,low,8,namecheap,,,13/09/2026 04:37
5d9619a0-dfd0-4aaa-b439-2229e4799156,susan.bio,available,9.99,,high,low,5,name.com,,,
5e64ca5e-db60-4401-896c-7baa32a5acd6,sere.bio,available,5.98,84.98,medium,low,4,namecheap,,,14/08/2026 19:03
b859bbae-66d1-4030-b414-03deeba180cc,buttons.bio,available,9.99,,high,low,7,name.com,,,
7d6885e3-35b6-446d-b328-4906401332d2,vicious.bio,available,5.98,84.98,medium,low,7,namecheap,,,08/08/2026 16:00
d08842d6-6947-4188-93d2-792dfdf650c3,bonaparte.bio,available,9.99,69.99,medium,low,9,namesilo,,,25/09/2026 00:27
a1487456-4dd2-4911-983a-3fec38fad3fb,bph.bio,available,9.99,69.99,high,low,3,namesilo,,,23/09/2026 08:07
0a2cdfa5-0c37-44fb-bacc-6fe2c3a9f005,whoever.bio,available,9.99,,medium,low,7,name.com,,,
12f6c4d3-c260-4c13-806b-55afd9b72094,despicable.bio,available,5.98,84.98,medium,low,10,namecheap,,,14/08/2026 04:00
479b3a6b-52be-4b32-850d-083a1a36ba02,lied.bio,available,9.99,69.99,high,low,4,namesilo,,,25/09/2026 08:58
2e13b7a4-0dec-4acb-9384-052c2199ee04,bibulous.bio,available,5.98,84.98,low,low,8,namecheap,,,09/08/2026 18:58
650caf58-468b-4d5c-9f63-f190274ec31a,squandered.bio,available,5.98,84.98,medium,low,10,namecheap,,,10/09/2026 17:24
3c1a7ad9-04d9-4f01-82a2-20bfe5311320,require.bio,available,9.99,,high,low,7,name.com,,,
917ece99-c525-4f31-8041-5c283af15765,embassador.bio,available,9.99,69.99,medium,low,10,namesilo,,,18/09/2026 16:29
19aea80d-c4dc-4b7e-9bf1-00cbb5273d89,alexandra.bio,premium,118.8,118.8,high,low,9,namesilo,,,27/09/2026 02:30
7b02fbfb-4a25-4def-8e37-b074d6545e88,armoracia.bio,available,9.99,69.99,medium,low,9,namesilo,,,20/09/2026 07:23
42843c7b-96e1-4e7a-b213-13df2e268835,costly.bio,available,9.99,69.99,high,low,6,namesilo,,,24/09/2026 00:19
2233e803-2ded-4303-b730-f568004f167c,reentrant.bio,available,5.98,84.98,medium,low,10,namecheap,,,09/09/2026 10:51
0ceac2ee-8090-4238-8c2b-c48066cca0c9,jocose.bio,available,5.98,84.98,medium,low,6,namecheap,,,22/08/2026 12:54
ee1a09bf-d08f-4788-894b-76896afb6167,anova.bio,resell,,,high,low,5,"Spaceship, Inc.",20/04/2026 16:47,20/04/2027 16:47,26/09/2026 03:54
c871ff65-3dd8-4e0a-b3d7-8b227c2d96ca,sugarless.bio,available,9.99,69.99,medium,low,9,namesilo,,,19/09/2026 15:11
cde30035-38f9-4d62-9f86-22ba4b66d483,dylan.bio,premium,118.8,118.8,high,low,5,namesilo,,,25/09/2026 00:22
ef84a80e-3fd7-4d63-9b68-baeb6bec2e79,crossly.bio,available,5.98,84.98,low,low,7,namecheap,,,14/09/2026 09:42
ce674320-3b3b-47db-b7da-f4ace22b2d99,voluptuary.bio,available,5.98,84.98,medium,low,10,namecheap,,,24/08/2026 12:27
17747d34-305c-4626-ac64-07cffe31303c,antiproton.bio,available,5.98,84.98,medium,low,10,namecheap,,,19/09/2026 15:01
2560493a-53c3-4d89-a95c-65f7c958e5b3,torture.bio,available,5.98,84.98,medium,low,7,namecheap,,,11/09/2026 18:03
d9973e3f-c9ac-4f2b-b4fa-392a54391db3,eclectic.bio,available,5.98,84.98,high,low,8,namecheap,,,14/08/2026 23:43
def68a3c-6c14-44b0-ae42-ef1e0dbd7e8e,indictment.bio,available,9.99,69.99,medium,low,10,namesilo,,,23/09/2026 16:05
6ff7087b-1da5-4d3e-92b8-2d2659a6edd8,fatefully.bio,available,5.98,84.98,medium,low,9,namecheap,,,14/09/2026 17:53
02f37079-bc98-48d3-acc9-fae9502ee654,researchers.bio,available,9.99,69.99,medium,low,11,namesilo,,,18/09/2026 17:37
a993c853-c42a-469c-b4b7-e26344680612,plumbers.bio,available,9.99,69.99,medium,low,8,namesilo,,,20/09/2026 11:13
885a84f0-5bbf-4973-92b7-425d8c944f8d,arena.bio,resell,,,high,medium,5,Porkbun LLC,15/11/2024 01:25,15/11/2026 01:25,28/09/2026 22:03
f75cbc9c-9a3e-401c-a05e-c1aac63e7fe9,parthian.bio,available,5.98,84.98,medium,low,8,namecheap,,,08/09/2026 01:59
b6157c69-65b5-44c7-b85f-5d7581480bf7,instep.bio,available,5.98,84.98,high,low,7,namecheap,,,16/09/2026 14:59
e7f04ea6-64d3-41de-a1ce-6a0e56e2089b,ochs.bio,available,9.99,69.99,medium,low,4,namesilo,,,17/09/2026 09:36
ce998498-7a71-42c8-bf0c-9074d949d8eb,grayish.bio,available,5.98,84.98,medium,low,7,namecheap,,,20/08/2026 18:56
3afc2dd9-9169-4568-b014-f7c52fb6903c,craven.bio,available,5.98,84.98,medium,low,6,namecheap,,,13/08/2026 05:27
86be306c-ca79-4fc1-b6a2-71d3e4f14a54,bessemer.bio,available,9.99,69.99,high,low,8,namesilo,,,23/09/2026 10:28
746aa44d-0db4-4bfd-a887-79d3eddc6f56,impelling.bio,available,5.98,84.98,medium,low,9,namecheap,,,21/08/2026 22:04
062a5824-f331-493a-b994-cbc701c169b9,carlton.bio,available,9.99,69.99,high,low,7,namesilo,,,25/09/2026 15:21
0fc404f9-769f-49ce-bb7e-c7fcc5676678,blacklist.bio,resell,,,high,low,9,"Spaceship, Inc.",04/07/2026 21:13,04/07/2027 21:13,26/09/2026 04:28
4bfb5ff0-360f-4398-acfa-7d7a9a01d3ea,upwardly.bio,available,5.98,84.98,medium,low,8,namecheap,,,12/09/2026 22:57
d8cc5d77-0d54-4ad3-b233-58ac09c579c3,bootless.bio,available,5.98,84.98,medium,low,8,namecheap,,,10/08/2026 19:37
f5603fac-c8eb-46db-9d5b-2760024d17ff,reasonably.bio,available,9.99,69.99,medium,low,10,namesilo,,,25/09/2026 11:58
e7a826bf-9253-4bdb-87fb-87acecaa5b50,bilateral.bio,available,5.98,84.98,high,low,9,namecheap,,,09/08/2026 21:14
667a7aa7-2ef1-4e1a-921b-0186c17c15ac,karim.bio,available,5.38,58.16,high,low,5,spaceship,,,29/09/2026 03:37
a471f71e-7b80-47bb-92f5-54b5ce6f31d0,objectively.bio,available,9.99,,high,low,11,name.com,,,
49a937f6-2443-4e22-861a-2fc84dbc1f2f,clause.bio,available,9.99,69.99,high,low,6,namesilo,,,24/09/2026 15:20
b03fe2b9-d2eb-4106-8b44-fcf71c37bfdf,gleeful.bio,available,5.98,84.98,high,low,7,namecheap,,,20/08/2026 14:21
f5219c28-093c-4976-805d-bd1ec6bb008e,tasteful.bio,available,5.98,84.98,high,low,8,namecheap,,,11/09/2026 09:00
e8060b07-c7d2-47e3-9375-8383bc4492b9,taught.bio,available,9.99,69.99,medium,low,6,namesilo,,,27/09/2026 02:04
9f5c42cf-c876-4ddc-bad9-0ade8cbf16b7,nanjing.bio,available,56.2,56.2,medium,low,7,cloudflare,,,28/09/2026 10:29
0617f0c4-4f68-4d3e-ba7f-461081a4b5e1,hornless.bio,available,5.98,84.98,medium,low,8,namecheap,,,21/08/2026 14:06
532dad1e-8389-423a-a3b2-1e55471fbd60,funds.bio,available,9.99,69.99,high,low,5,namesilo,,,26/09/2026 06:17
1a30441a-b23f-41a7-91c5-d8aef6702f41,acyl.bio,available,9.99,69.99,medium,low,4,namesilo,,,17/09/2026 05:49
bb6f9f96-e1fb-4bd1-939e-f6aa199207f3,bats.bio,available,,,high,low,4,,,,
797c8d58-65b7-48a4-aa29-233bc8faaf7c,skateboarding.bio,available,9.99,,medium,low,13,name.com,,,
6d6fdf66-d745-4f6c-b3ef-e358149fb6bc,solitary.bio,available,5.98,84.98,high,low,8,namecheap,,,24/08/2026 08:55
803f2e2b-4f05-423e-8f00-f2f051b02da1,alehouse.bio,available,9.99,69.99,medium,low,8,namesilo,,,18/09/2026 05:01
a6d13c97-8eb2-4696-8fb9-d0ac68407992,lcd.bio,available,9.99,,high,low,3,name.com,,,
e1e264f2-2454-44e0-9077-d0201a927914,listed.bio,resell,,,high,low,6,"NameCheap, Inc.",07/12/2025 19:21,07/12/2026 19:21,26/09/2026 07:15
5f15fa5b-9bc4-47ed-887e-15abd8307de8,malaysian.bio,available,5.98,84.98,high,low,9,namecheap,,,24/08/2026 13:46
6dc1fbd7-b87b-4527-a2e4-ad364b87c2cd,maturate.bio,available,5.98,84.98,medium,low,8,namecheap,,,24/08/2026 17:31
9b7464c2-8458-473a-9e19-eadab0a6e004,apposite.bio,available,5.98,84.98,medium,low,8,namecheap,,,06/08/2026 07:53
eae910f0-8b7d-4865-9bba-079c0022de78,related.bio,available,9.99,69.99,high,low,7,namesilo,,,19/09/2026 12:07
81708991-2c1b-4fa7-9528-73023d04ebae,drizzling.bio,available,5.98,84.98,medium,low,9,namecheap,,,14/08/2026 19:38
65dc2344-2a43-4ab3-8d7e-acfca191dd1a,raving.bio,available,5.98,84.98,medium,low,6,namecheap,,,15/09/2026 22:43
1c902790-a8b6-4f40-a8d6-fe9d9d7607e2,anpu.bio,available,9.99,69.99,medium,low,4,namesilo,,,19/09/2026 11:59
68b06fab-bd77-410f-bf85-7ac66dfdf3ba,sextet.bio,available,5.98,84.98,medium,low,6,namecheap,,,
304d179f-2351-4c3e-809b-18159dcee238,cupboards.bio,available,9.99,69.99,medium,low,9,namesilo,,,20/09/2026 06:12
3dd548be-1bed-4c6c-b81e-2e6570a2ba50,effects.bio,available,9.99,69.99,high,low,7,namesilo,,,27/09/2026 03:49
760e906a-a09c-44b3-a244-c1909bfe9611,isentropic.bio,available,5.98,84.98,medium,low,10,namecheap,,,22/08/2026 10:44
8ef8ebb6-ac34-4c60-b3e1-56724658b8ef,duckling.bio,available,9.99,69.99,high,low,8,namesilo,,,25/09/2026 00:17
ce7c856e-64cf-4ae9-8c1e-dd17c75be37b,decelerate.bio,available,5.98,84.98,medium,low,10,namecheap,,,10/09/2026 11:21
714e9c01-b213-4ac2-9e03-69f785a32add,bellyband.bio,available,9.99,69.99,medium,low,9,namesilo,,,23/09/2026 06:51
13f71a84-9c56-4671-ac14-a507993d2d18,unshaven.bio,available,5.98,84.98,medium,low,8,namecheap,,,12/09/2026 19:40
8db63928-bb05-4bad-9b5a-41e266d2c218,rigour.bio,available,9.99,69.99,medium,low,6,namesilo,,,20/09/2026 14:57
5d333894-7a07-4649-a6e4-c33cd3053cfe,enate.bio,available,5.98,84.98,medium,low,5,namecheap,,,16/08/2026 21:18
fb28f523-7d80-4a61-97d0-89b9726bc147,toady.bio,available,9.99,69.99,medium,low,5,namesilo,,,20/09/2026 15:35
95036c7d-bc26-4761-9e33-2ba8e33783c3,chorus.bio,resell,,,high,low,6,"Spaceship, Inc.",05/08/2025 00:03,05/08/2027 00:03,26/09/2026 04:55
bc338e6a-06f8-4675-8611-43867e35c537,joints.bio,available,9.99,69.99,high,low,6,namesilo,,,20/09/2026 03:38
c3de0361-d684-4f3c-ab36-c9790baaf286,socialised.bio,available,5.98,84.98,high,low,10,namecheap,,,10/09/2026 13:14
c386166d-f451-41ce-9f05-03741708a99f,beaked.bio,available,5.98,84.98,medium,low,6,namecheap,,,09/08/2026 03:50
10ad5157-ad08-4a26-a456-f92a808d78c1,outdated.bio,available,9.99,69.99,medium,low,8,namesilo,,,26/09/2026 03:15
556bfbdb-2cd9-438f-ab11-cd8fde1f035c,rustle.bio,available,5.98,84.98,high,low,6,namecheap,,,13/09/2026 11:37
0ce83eae-232c-453f-900f-20bd87f0c040,bestiality.bio,available,9.99,69.99,medium,low,10,namesilo,,,23/09/2026 10:39
f5fece7d-a881-4baf-9491-ee9a90987396,anteater.bio,available,9.99,69.99,high,low,8,namesilo,,,16/09/2026 13:25
2552ed3b-725a-4f8b-a02d-a094d0493426,stoppers.bio,available,9.99,69.99,medium,low,8,namesilo,,,20/09/2026 12:45
1b5514a3-571b-4803-abc5-8f545bc1fd48,sweetie.bio,available,5.98,84.98,high,low,7,namecheap,,,10/09/2026 19:34
924ee73d-c030-411d-96a0-f247264cfe62,parted.bio,available,5.98,84.98,medium,low,6,namecheap,,,08/09/2026 01:57
953e6949-5c93-4b07-8ea4-3a0ca33d3329,ilxxx.bio,available,5.98,84.98,medium,low,5,namecheap,,,
3f462f6c-88ba-4908-bb55-72a6eb2851ef,scarred.bio,available,9.99,69.99,medium,low,7,namesilo,,,25/09/2026 17:02
53285ea1-03aa-4fe8-96e1-1fbb537499b8,belated.bio,available,5.98,84.98,medium,low,7,namecheap,,,09/08/2026 12:37
ddf51a96-090a-4c1f-8688-da96540071f1,estimated.bio,available,5.98,84.98,medium,low,9,namecheap,,,17/09/2026 13:47
82562dea-0ee1-4e56-9391-df50c1b31212,socioeconomic.bio,available,9.99,69.99,medium,low,13,namesilo,,,16/09/2026 12:07
9d99a2eb-4e1d-4dd3-a0cd-4cba142cf23f,strength.bio,available,9.99,69.99,high,low,8,namesilo,,,19/09/2026 17:18
d0b30f2e-20b6-41dc-a559-a9606474b34a,john.bio,resell,,,high,medium,4,"NameCheap, Inc.",29/03/2022 00:05,29/03/2027 00:05,26/09/2026 07:01
163be947-2e17-4c2c-9d96-a0299f5dc1f3,sported.bio,available,9.99,69.99,medium,low,7,namesilo,,,20/09/2026 16:50
88458184-2926-42de-8ad5-3bbc6f3933a8,belfast.bio,available,9.99,69.99,high,low,7,namesilo,,,23/09/2026 04:55
c4b753e1-e51b-41df-b255-98113f42f824,lazily.bio,available,5.98,84.98,medium,low,6,namecheap,,,15/09/2026 01:40
de0c7857-d520-4c49-bee3-f79e0111bfb1,fungus.bio,resell,,,medium,low,6,,,,28/09/2026 14:14
c2d6cc7b-ceb3-4605-9b79-5089aeded10a,loyally.bio,available,5.98,84.98,medium,low,7,namecheap,,,15/09/2026 13:02
448494a1-8b96-4108-8f71-c9a86cdaaae3,skyward.bio,available,5.98,84.98,high,low,7,namecheap,,,21/08/2026 05:26
500ce3b6-8c3c-49d9-9fb6-1659be545aaa,sabbatic.bio,available,5.98,84.98,high,low,8,namecheap,,,09/09/2026 20:32
6a8118a7-216b-43ea-bdd9-0a876f84195b,feasting.bio,available,9.99,69.99,high,low,8,namesilo,,,22/09/2026 03:07
875a5553-47e5-4290-94c9-63305b24aff4,blackcock.bio,available,9.99,69.99,medium,low,9,namesilo,,,24/09/2026 00:30
9ea37834-8498-47b9-b64f-2e09cbf9bd16,humiliated.bio,available,5.98,84.98,medium,low,10,namecheap,,,21/08/2026 15:03
d0959de0-d055-4d37-839e-2080bb7d33b2,overeager.bio,available,5.98,84.98,medium,low,9,namecheap,,,04/09/2026 20:31
1e8679e8-f4eb-4ec8-9176-897b8cc2f634,penial.bio,available,5.98,84.98,medium,low,6,namecheap,,,08/09/2026 14:23
0da44375-6ef1-4c9f-8f3b-e78c6667191e,festive.bio,available,5.98,84.98,high,low,7,namecheap,,,18/08/2026 02:14
f38c6ecd-2043-4c1b-85e0-7859567ff277,meteoric.bio,available,5.98,84.98,high,low,8,namecheap,,,24/08/2026 21:53
b9eba6b9-7746-42b3-a6ed-87a86c1706b2,edison.bio,resell,,,high,low,6,,,,29/09/2026 00:45
debfb30f-36ba-427e-ab92-7cae648880ca,wayward.bio,available,5.98,84.98,medium,low,7,namecheap,,,13/09/2026 08:49
d7686f24-d257-456e-aaa9-088977893828,atrip.bio,available,5.98,84.98,medium,low,5,namecheap,,,07/08/2026 14:33
ed1b0fa6-e60e-4c9f-8d25-6a8e0795c86f,carbonara.bio,available,9.99,69.99,high,low,9,namesilo,,,24/09/2026 12:46
a70fb238-6d5d-4b66-9ed3-092f6db1f4dd,rounds.bio,available,9.99,69.99,medium,low,6,namesilo,,,27/09/2026 02:23
622241bc-a9c5-42ce-809a-82deeb275ea8,frizzly.bio,available,5.98,84.98,medium,low,7,namecheap,,,18/08/2026 16:06
b3ff4a7d-41f4-440f-9d35-fc8708ca7363,agamid.bio,available,5.98,84.98,medium,low,6,namecheap,,,17/09/2026 16:08
cbc479c6-54ab-4701-81c5-ea7f1f70281e,spaciously.bio,available,5.98,84.98,medium,low,10,namecheap,,,16/09/2026 00:04
f7d18bbc-56f3-4441-a486-f884a994e4e9,gallon.bio,available,9.99,,high,low,6,name.com,,,
b8ad81c8-b54c-4542-92b8-6e14dd6e1104,amenities.bio,available,5.98,84.98,high,low,9,namecheap,,,18/09/2026 18:52
ebd7ea83-dffc-479e-9a69-bcd70a6eb881,williamson.bio,available,84.98,,high,low,10,namecheap,,,
6006bf80-3042-4c8a-8057-01d757d5042a,brandt.bio,available,9.99,69.99,high,low,6,namesilo,,,27/09/2026 11:47
45f2ca77-c1b5-4d6f-ac09-217aac313b3a,lashing.bio,available,5.98,84.98,medium,low,7,namecheap,,,22/08/2026 20:10
23bdaf85-cc72-4247-a55f-990348dda1d3,formulated.bio,available,5.98,84.98,high,low,10,namecheap,,,18/08/2026 12:22
1a441764-acf5-4d25-b042-d068e4724f3c,boron.bio,available,9.99,69.99,medium,low,5,namesilo,,,20/09/2026 23:12
86632dda-9922-4fb1-997c-de48bd39c2b6,duodecimal.bio,available,5.98,84.98,medium,low,10,namecheap,,,14/08/2026 21:19
fdbf5c3a-2773-47e2-9382-bbbe51d98a92,floppy.bio,available,5.98,84.98,high,low,6,namecheap,,,18/08/2026 08:51
7cbbfd89-bfc7-4db7-8297-c65cfc7cb7cb,mellowly.bio,available,5.98,84.98,medium,low,8,namecheap,,,24/08/2026 19:31
5c46d456-def0-4aad-8dd2-5e2f941c609a,localized.bio,available,5.98,84.98,high,low,9,namecheap,,,24/08/2026 08:45
51ee80a8-fa2f-47ee-9998-240a9baf107b,indigene.bio,available,5.98,84.98,medium,low,8,namecheap,,,03/09/2026 13:49
14e6d716-03c8-4fab-947a-6ef26cc3a258,galangal.bio,available,9.99,69.99,medium,low,8,namesilo,,,18/09/2026 14:03
5157999d-0695-41fd-a431-d17ffe3a9054,truster.bio,available,9.99,69.99,medium,low,7,namesilo,,,23/09/2026 05:14
c4e7f2e6-16a7-475b-8cc7-f5f2c38a1fcd,humanely.bio,available,5.98,84.98,medium,low,8,namecheap,,,15/09/2026 01:17
79e2742e-0702-42da-a68f-22a14f401f75,lawful.bio,available,5.98,84.98,high,low,6,namecheap,,,22/08/2026 21:21
5a84ac4e-c08a-4d64-88c4-3ab5e9551eb4,perforce.bio,available,5.98,84.98,medium,low,8,namecheap,,,15/09/2026 19:36
ff0c4d60-e1d5-47a7-a08f-587c645ec620,supper.bio,available,9.99,,high,low,6,name.com,,,
d7427807-949f-440b-916f-3463b2414ba0,goods.bio,resell,,,high,low,5,"Sav.com, LLC - 13",28/11/2025 15:15,28/11/2026 15:15,26/09/2026 06:26
50034c9c-bc31-4b28-936c-0b011e26a8ba,courthouse.bio,available,9.99,69.99,medium,low,10,namesilo,,,28/09/2026 09:28
248082f6-9d89-4dd1-977a-e1662ca61281,alarum.bio,available,9.99,69.99,medium,low,6,namesilo,,,18/09/2026 02:00
bd8aa2fb-192e-414a-8bc4-a29b242d8391,galax.bio,available,9.99,69.99,medium,low,5,namesilo,,,23/09/2026 01:54
4d49a924-9b89-499d-a5d6-e96f6aa74bd4,negligible.bio,available,5.98,84.98,medium,low,10,namecheap,,,03/09/2026 15:08
5f319eb0-5ed6-41f8-aa6b-b0328d62918d,loaned.bio,available,5.98,84.98,medium,low,6,namecheap,,,17/09/2026 16:26
e352f42a-1c80-4adc-9704-a1c1bd353c17,oaten.bio,available,5.98,84.98,medium,low,5,namecheap,,,03/09/2026 23:28
0f729450-d7f6-464c-8738-f3e5d61537d9,righteous.bio,available,9.99,69.99,high,low,9,namesilo,,,27/09/2026 15:12
e58c5fe5-a993-4c8c-b198-3a80b24c745e,blackpool.bio,available,9.99,69.99,medium,low,9,namesilo,,,24/09/2026 02:57
1f320317-3c93-4301-bc97-b0fce9c4e85c,clinched.bio,available,5.98,84.98,medium,low,8,namecheap,,,12/08/2026 10:46
9de98dc7-88b1-4d96-95f5-4d83f63a1329,treated.bio,available,5.98,84.98,high,low,7,namecheap,,,11/09/2026 10:52
ba42dbbc-6679-485f-874c-2ebf690491a5,lament.bio,available,5.98,84.98,medium,low,6,namecheap,,,22/08/2026 15:25
9967a848-fcff-4afe-9a23-891c048c740e,squiffy.bio,available,5.98,84.98,low,low,7,namecheap,,,09/08/2026 16:38
89b3b1f8-c9d8-4e4d-b889-8eae08bf5dea,flown.bio,available,9.99,69.99,medium,low,5,namesilo,,,28/09/2026 17:01
69faede7-9a81-4abc-a93d-fde8f7baaaea,compartment.bio,available,5.38,58.16,high,low,11,spaceship,,,28/09/2026 03:28
34b94230-3fe8-486f-90e5-69dbfe41fb33,unlighted.bio,available,5.98,84.98,medium,low,9,namecheap,,,12/09/2026 13:01
c34506c8-be78-4786-8a4f-77585da0dc0f,congratulations.bio,available,9.99,,high,low,15,name.com,,,
871aa111-f1ed-4739-9e96-d71f9ce03c5b,arcturus.bio,available,9.99,69.99,medium,low,8,namesilo,,,20/09/2026 03:01
aa9ad145-d8e8-431f-9fe7-b4fe6d2c5cef,dixie.bio,available,9.99,69.99,medium,low,5,namesilo,,,28/09/2026 09:26
71ba48d1-9f88-4041-a79b-7b84b41232f1,benedick.bio,available,9.99,69.99,medium,low,8,namesilo,,,23/09/2026 07:51
e702a538-ef11-43c0-b038-70a7098db512,downturn.bio,available,9.99,69.99,medium,low,8,namesilo,,,24/09/2026 23:42
bcc3c9a8-1476-4004-adf1-e31e55bd6aab,earthworm.bio,available,9.99,69.99,high,low,9,namesilo,,,19/09/2026 06:33
5b02497a-6edf-437f-8300-c69ae9710957,ascendency.bio,available,5.98,84.98,high,low,10,namecheap,,,20/09/2026 13:06
b39526fe-7230-4c56-a507-41ee74d760d0,demonstrates.bio,available,5.98,84.98,medium,low,12,namecheap,,,20/09/2026 23:55
fe79ed44-2c36-4be1-9e7e-1e011bc0ec83,chewable.bio,available,5.98,84.98,medium,low,8,namecheap,,,12/08/2026 04:28
a7efb446-986f-476f-8b2d-5bb904fdb19c,actually.bio,available,9.99,69.99,high,low,8,namesilo,,,28/09/2026 11:45
37505ee3-3dfc-4bab-bf64-fad1d55ccab9,astatic.bio,available,5.98,84.98,medium,low,7,namecheap,,,07/08/2026 08:36
9f5c83fe-83f6-4278-80ac-bac700b939d2,prophecy.bio,resell,,,high,low,8,,,,28/09/2026 10:47
22ca6715-971e-436c-88d1-78073ed1749f,antigone.bio,available,9.99,69.99,medium,low,8,namesilo,,,19/09/2026 14:26
768cd343-6048-4217-b7f4-7cc94eb3efa3,sensitive.bio,available,56.2,56.2,high,low,9,cloudflare,,,27/09/2026 20:05
a6c80615-4aae-465b-813d-7a9480ae2ffb,canasta.bio,available,9.99,69.99,medium,low,7,namesilo,,,22/09/2026 11:16
159ebab2-182a-424b-9e7b-6cd456f86439,highly.bio,available,56.2,56.2,medium,low,6,cloudflare,,,28/09/2026 14:51
cd023b5d-36c3-4793-853a-f6a69ebcdc10,appendage.bio,available,5.98,84.98,medium,low,9,namecheap,,,19/09/2026 20:35
006d553c-8c00-4fd8-ac58-90be0119304b,descent.bio,available,5.98,84.98,high,low,7,namecheap,,,08/09/2026 13:07
62fe0342-eb31-4d4f-9081-f4728ce54ac2,heraldic.bio,available,5.98,84.98,medium,low,8,namecheap,,,21/08/2026 06:53
9a7ec8ce-2ffc-4e20-a70c-47dfd309a954,manycore.bio,available,9.99,69.99,medium,low,8,namesilo,,,17/09/2026 08:17
b67fe3e5-b640-4e50-9884-9ac375599d3d,evanston.bio,available,9.99,69.99,medium,low,8,namesilo,,,28/09/2026 08:11
d5efeb7f-1942-4be9-b4cf-343691b01179,dissembler.bio,available,5.98,84.98,medium,low,10,namecheap,,,08/09/2026 19:10
f8ecb1f1-c9e1-4b5c-b609-8f3444fe543f,secretive.bio,available,5.98,84.98,medium,low,9,namecheap,,,12/08/2026 12:18
cbcbe78e-013f-4792-893c-233474cc3112,bared.bio,available,9.99,69.99,medium,low,5,namesilo,,,22/09/2026 17:24
d8962272-ff3e-4bb7-95da-c0c3932f3f62,very.bio,resell,,,high,low,4,united-domains GmbH,28/08/2014 14:20,28/08/2027 14:20,27/09/2026 09:52
44ba74bc-a303-4d6e-8a58-1fec72ccff33,jesse.bio,resell,,,high,low,5,Dynadot Inc,31/01/2026 06:28,31/01/2027 06:28,26/09/2026 06:59
c48b2d83-afa7-41f8-bc58-1355344e76a8,candidacy.bio,available,9.5,,high,low,9,unstoppable,,,29/09/2026 06:17
d1cfde1e-f51c-4f38-8999-6e18fcafef13,windless.bio,available,5.98,84.98,medium,low,8,namecheap,,,13/09/2026 12:14
1dcffd6a-d981-4dea-bd6f-93c1b0d171d1,metz.bio,available,9.99,69.99,high,low,4,namesilo,,,27/09/2026 07:39
ae63ab76-e99d-45e9-be70-7363cf30a64a,painterly.bio,available,5.98,84.98,medium,low,9,namecheap,,,04/09/2026 23:08
9062db4e-eac4-48ad-a8fb-971dcce94e54,screwed.bio,available,9.99,69.99,medium,low,7,namesilo,,,28/09/2026 15:59
16617f3d-02c1-4b01-846d-3305ca3a5bab,ang.bio,resell,,,high,low,3,"Spaceship, Inc.",04/07/2026 21:23,04/07/2027 21:23,26/09/2026 03:52
78a12d09-3028-4a89-bff4-435d4dee5827,allometry.bio,available,9.99,69.99,medium,low,9,namesilo,,,18/09/2026 11:57
793ef443-79cc-4644-b7e8-2b458fe501f2,sets.bio,available,9.99,,medium,low,4,name.com,,,
39f4e1e8-b3f3-4a37-a280-ad1edde80dfc,keating.bio,available,9.99,69.99,high,low,7,namesilo,,,27/09/2026 08:01
53b09c45-5514-407f-bfa8-99325987dfa7,nonhuman.bio,available,5.98,84.98,medium,low,8,namecheap,,,03/09/2026 19:22
df65a938-7b9a-49b0-b567-cc6901f5334a,vise.bio,available,5.98,84.98,medium,low,4,namecheap,,,23/09/2026 07:37
8eb8ef6a-7375-4b67-9013-ecea18a98dc0,handwoven.bio,available,5.98,84.98,medium,low,9,namecheap,,,20/08/2026 23:19
ffa82835-3b1d-49a9-89f6-baea2a828dd4,pearls.bio,available,9.99,69.99,medium,low,6,namesilo,,,28/09/2026 08:25
f62bb46f-1328-41d9-bca5-fdb8b94341de,toothcare.bio,available,9.99,,medium,low,9,name.com,,,
e4113c31-bba9-40ee-a8d7-f57376916782,servant.bio,available,5.98,84.98,high,low,7,namecheap,,,25/09/2026 06:52
2a8fb30b-2fd8-4e72-aabb-297f6b00184e,unreleased.bio,available,5.98,84.98,medium,low,10,namecheap,,,12/09/2026 18:08
dcac7f2e-32be-46b1-ac55-7cd8027fe20f,resistance.bio,resell,,,high,low,10,"Sav.com, LLC - 28",07/04/2026 15:15,07/04/2027 15:15,26/09/2026 08:37
6a930a8b-43d0-4d52-aa86-697f33b5c72d,sewing.bio,available,56.2,56.2,high,low,6,cloudflare,,,28/09/2026 10:54
efaa7449-e398-41c0-b19c-187628c42217,delimited.bio,available,5.98,84.98,medium,low,9,namecheap,,,10/08/2026 21:54
e8a9bbd7-8ee3-4a4b-aa44-6fc2308d7385,brutally.bio,available,5.98,84.98,medium,low,8,namecheap,,,14/09/2026 01:41
2b007a99-14c1-4e1a-9388-c26e963e2560,prominence.bio,available,9.99,69.99,high,low,10,namesilo,,,24/09/2026 11:05
1075fe4b-93cf-409b-8017-ed7ef6d25e7a,ina.bio,premium,,,high,low,3,,,,28/09/2026 04:04
528193b1-529e-43b0-8bc8-c2a1ffce614a,tonic.bio,resell,,,high,low,5,"Sav.com, LLC - 43",09/05/2026 15:15,09/05/2027 15:15,26/09/2026 09:40
286374e3-56d5-483e-93c5-7199cad3b013,grumbler.bio,available,9.99,69.99,medium,low,8,namesilo,,,23/09/2026 06:49
d1c5fe2c-6c02-4060-9ddd-41e91091c5c7,acheta.bio,available,9.99,69.99,medium,low,6,namesilo,,,17/09/2026 00:33
c6280cc9-89bc-44a5-bef5-05d6a6eedcb7,deepen.bio,available,5.98,84.98,high,low,6,namecheap,,,12/08/2026 19:32
97dff539-3d15-4336-9536-de38006aea44,primadonna.bio,available,9.99,,medium,low,11,name.com,,,
03bf8782-21d9-4af1-bdf6-569a4bad95ab,viii.bio,available,5.98,84.98,high,low,4,namecheap,,,
6daf6106-0002-4c68-aca4-399e5babae0b,dee.bio,premium,102.67,102.67,high,low,3,spaceship,,,28/09/2026 03:28
e28cfd45-df44-4c00-913a-c2d5b306642e,clovis.bio,available,9.99,69.99,medium,low,6,namesilo,,,29/09/2026 00:26
040ef5da-e48d-4739-9adf-ab32e62e1bd6,abortus.bio,available,9.99,69.99,medium,low,7,namesilo,,,16/09/2026 16:40
469af36a-0cb5-4cb4-8aeb-f0994998aab0,tricolor.bio,available,5.98,84.98,high,low,8,namecheap,,,11/09/2026 19:26
1595339a-4508-4fd5-91d2-e0dcc08cc449,badgering.bio,available,5.98,84.98,medium,low,9,namecheap,,,13/09/2026 13:19
88663313-c9f6-42b0-916f-6d862d506b00,rocambole.bio,available,9.99,69.99,medium,low,9,namesilo,,,18/09/2026 11:33
b296104f-4d1d-4b2d-9e53-a5033b99225e,delhi.bio,available,5.98,84.98,high,low,5,namecheap,,,24/09/2026 21:36
aff6de10-f1af-4437-86c9-34fa0f9dec5e,escapes.bio,available,9.99,69.99,medium,low,7,namesilo,,,29/09/2026 05:18
beef4d7b-b77a-4daa-b735-88aeb407ebfc,kinglike.bio,available,5.98,84.98,medium,low,8,namecheap,,,22/08/2026 16:19
d3176066-2360-4c57-a3e0-49799c7e966d,pacemaker.bio,available,5.98,84.98,high,low,9,namecheap,,,20/09/2026 11:42
ac967953-4020-443a-b00f-7448f8e945c1,breaker.bio,available,9.99,69.99,high,low,7,namesilo,,,24/09/2026 08:24
1f80b1bc-e011-49b1-9d05-bea7dd45b569,caesium.bio,available,5.98,84.98,medium,low,7,namecheap,,,20/09/2026 23:16
fde5dceb-9859-4c30-80cb-59af2d08306f,strain.bio,resell,9.99,,medium,low,6,"NameCheap, Inc.",09/04/2026 17:41,09/04/2027 17:41,28/09/2026 01:20
84d93356-5005-41e3-a512-78395f8e7ef8,relative.bio,available,5.98,84.98,high,low,8,namecheap,,,12/08/2026 21:33
205185cd-3b2b-4dde-98dc-8cfcec73bc76,remote.bio,premium,118.8,118.8,high,medium,6,namesilo,,,26/09/2026 03:19
933dd191-24d3-472a-a5e0-68ca65043650,passerine.bio,available,5.98,84.98,medium,low,9,namecheap,,,08/09/2026 02:29
f6dc28b5-b612-4fe5-973c-260c7e7cdd61,xcvi.bio,available,5.98,84.98,medium,low,4,namecheap,,,
6846259a-330b-4193-b7b9-cb8347724ff0,turgot.bio,available,5.98,84.98,medium,low,6,namecheap,,,19/09/2026 10:21
b8ce4e91-51ea-4476-bbbc-cc1ca27c0f2e,separable.bio,available,5.98,84.98,medium,low,9,namecheap,,,14/08/2026 12:50
429207f5-51e5-4ad8-a2a7-ba6b62b19f45,bubonic.bio,available,5.98,84.98,medium,low,7,namecheap,,,11/08/2026 07:26
f929668e-d22e-4cf1-b5ee-eaef39a70998,eugene.bio,available,7.99,123.99,high,low,6,godaddy,,,28/09/2026 01:51
b63d237a-6d8e-4b0b-9925-9378b0bfc71d,exchanged.bio,available,5.98,84.98,high,low,9,namecheap,,,17/08/2026 16:20
d1d104f2-632f-45e4-815b-1a6cabfc9136,nonionic.bio,available,5.98,84.98,medium,low,8,namecheap,,,03/09/2026 19:33
02882c20-ddbf-4069-a4d8-d780f10bd617,virtue.bio,resell,,,high,low,6,,,,28/09/2026 10:22
79ec8ffc-75ed-47a5-8987-d4003393d7e5,charivari.bio,available,9.99,69.99,medium,low,9,namesilo,,,23/09/2026 06:08
de902116-0c0c-46c6-8064-55ed9aa82492,dickens.bio,premium,118.8,118.8,high,low,7,namesilo,,,
3de37017-b0d5-4fbe-a894-7da2ccaecd45,berlioz.bio,available,9.99,69.99,medium,low,7,namesilo,,,23/09/2026 09:39
0f7a323f-fcb5-4b01-9150-d0b9ebf3f23c,winterhaven.bio,available,9.99,,medium,low,12,name.com,,,
484740af-3ec1-41f6-b1b4-d0016551e67d,till.bio,available,56.2,56.2,high,low,4,cloudflare,,,28/09/2026 05:18
87924b62-dcf5-4fb9-995a-c67cc83ed200,arenga.bio,available,9.99,69.99,medium,low,6,namesilo,,,20/09/2026 03:43
23e7a83e-3c6c-4950-9975-1f2a2edd3f5d,nasdaq.bio,available,5.98,84.98,high,low,6,namecheap,,,28/09/2026 02:27
0a2416da-770a-4da9-8403-37bb97d04cb0,prettily.bio,available,5.98,84.98,medium,low,8,namecheap,,,15/09/2026 21:22
3651e025-d371-4d1f-837b-7606a3ab0c3e,aspartame.bio,available,9.99,69.99,medium,low,9,namesilo,,,20/09/2026 14:43
745257ed-cd8d-4836-b24e-6f531920aae5,monophonic.bio,available,5.98,84.98,medium,low,10,namecheap,,,25/08/2026 04:55
11e8d0fc-993e-4ca7-8756-f6ba9ef56a16,tersely.bio,available,5.98,84.98,high,low,7,namecheap,,,16/09/2026 08:13
c9918ddf-6ff9-4e66-b3f3-3908616bd51b,hittite.bio,available,5.98,84.98,medium,low,7,namecheap,,,21/08/2026 10:00
6023e7fc-5cc2-47d4-91d6-e53c08321862,magnesium.bio,available,5.98,84.98,high,low,9,namecheap,,,20/09/2026 22:22
f93c8564-d6b3-454e-9dce-103a1b030836,typic.bio,available,5.98,84.98,medium,low,5,namecheap,,,11/09/2026 22:29
3cc25936-fde1-41d4-a3d3-451e3b3aefa7,machinist.bio,available,5.98,84.98,high,low,9,namecheap,,,19/09/2026 17:14
567c33e7-0139-4080-aa1b-2d29ad5aed76,hardback.bio,available,5.98,84.98,medium,low,8,namecheap,,,21/08/2026 00:40
a0a5ca37-1205-48fc-b3cb-9d91721899fc,passionately.bio,available,9.99,,high,low,12,name.com,,,
a67bc05d-4730-4a01-a265-5d1346623b68,toni.bio,premium,128.7,128.7,high,low,4,namecheap,,,27/09/2026 07:46
4638be64-0253-4232-9bd6-314691651b90,diss.bio,available,9.99,69.99,medium,low,4,namesilo,,,17/09/2026 14:55
b26519bc-b2d3-4713-881c-e6726fb59df9,acrobatic.bio,available,5.98,84.98,high,low,9,namecheap,,,
575b279a-8a63-4950-89c3-180681dea5c1,evenhanded.bio,available,5.98,84.98,high,low,10,namecheap,,,17/08/2026 14:52
02999db6-afae-45ae-af51-195ea52be97a,viktor.bio,available,9.99,69.99,medium,low,6,namesilo,,,28/09/2026 07:43
74c0607b-cb42-4ab2-bf72-baaa68c6d1a9,alir.bio,available,5.98,84.98,medium,low,4,namecheap,,,17/08/2026 22:11
1074e378-4988-4e93-a593-740f84e543c0,basics.bio,available,5.38,58.16,high,low,6,spaceship,,,29/09/2026 01:23
2de04772-2700-4e4c-bc91-9ebe3766d129,brescia.bio,available,56.2,56.2,medium,low,7,cloudflare,,,29/09/2026 06:10
a754ebb7-e846-4b18-8bee-b9d7b4c1fa91,scorn.bio,available,5.98,84.98,medium,low,5,namecheap,,,24/09/2026 17:41
240791b0-48aa-464d-a587-e378a7113e90,tending.bio,available,5.98,84.98,high,low,7,namecheap,,,11/09/2026 11:15
48fd30d2-be76-49b2-8f6a-53fdb33acb14,cuddle.bio,available,5.98,84.98,high,low,6,namecheap,,,24/09/2026 20:09
fa6409a7-08a7-48ca-bef7-1fdfbc104818,henceforth.bio,available,5.98,84.98,medium,low,10,namecheap,,,15/09/2026 00:15
c48e6013-ef6c-4b82-af67-56fa50810c24,anatidae.bio,available,9.99,69.99,medium,low,8,namesilo,,,19/09/2026 03:26
76d0a120-69c4-41c7-a9e8-8faf441092a0,gyral.bio,available,5.98,84.98,medium,low,5,namecheap,,,20/08/2026 21:19
4323a91c-d646-46d6-88c0-9f4ace3ec4f4,fulgurous.bio,available,9.99,99.99,medium,low,9,name.com,,,13/08/2026 19:01
61733907-32a5-464b-9a0f-cd95ffc284bb,basilar.bio,available,5.98,84.98,medium,low,7,namecheap,,,08/08/2026 22:16
1b39709a-bff9-4cc3-8a78-6b3a11b60e32,staid.bio,available,5.98,84.98,medium,low,5,namecheap,,,10/09/2026 01:34
1d71fc22-e179-4ee8-91e2-8f3f005bcbe5,fatuous.bio,available,5.98,84.98,low,low,7,namecheap,,,07/08/2026 02:39
e9b2ae80-6348-4500-90ee-1bb672dae604,inflated.bio,available,5.98,84.98,medium,low,8,namecheap,,,21/08/2026 08:47
d6b46672-002b-440c-a6ca-f2ef4b2f413d,lovesome.bio,available,5.98,84.98,high,low,8,namecheap,,,
803c3c40-d449-4297-81a1-e693febe98bc,platt.bio,available,5.98,84.98,medium,low,5,namecheap,,,27/09/2026 06:33
86071994-d479-435d-bcc6-045c22ddc8cf,awarded.bio,available,9.99,69.99,medium,low,7,namesilo,,,29/09/2026 05:30
97f2233c-e1d6-4791-a1a5-902c0b3ab62a,printable.bio,available,9.99,69.99,high,low,9,namesilo,,,27/09/2026 05:59
5b0c9bef-64db-49c4-9621-934341fe3bf7,fails.bio,available,9.99,69.99,medium,low,5,namesilo,,,18/09/2026 00:27
f8ace813-6d9f-4bb8-a54e-ba62119258bd,viridity.bio,available,5.98,84.98,high,low,8,namecheap,,,20/08/2026 19:47
11780163-9af8-4cfc-83b8-c3b4d2a9ac61,trackable.bio,available,5.98,84.98,high,low,9,namecheap,,,11/09/2026 18:37
124b6a50-3896-442c-80f3-9eda18bdfc35,buddhist.bio,available,5.98,84.98,high,low,8,namecheap,,,11/08/2026 07:39
37c3f281-30a9-4b4a-bd73-1496cad54ae3,sydney.bio,premium,118.8,118.8,high,low,6,namesilo,,,25/09/2026 10:47
a5a479f1-eac6-438c-88fc-ec9fe871a3b8,paneled.bio,available,5.98,84.98,medium,low,7,namecheap,,,05/09/2026 00:50
f391f53a-bdfc-4062-9917-f70b17c598e9,inexorable.bio,available,5.98,84.98,medium,low,10,namecheap,,,
bf2715e0-aad8-44d8-a952-acd05625c7cf,bridgeable.bio,available,5.98,84.98,medium,low,10,namecheap,,,11/08/2026 04:00
5900a7b3-e720-46a4-b809-cde868c9c860,comments.bio,available,9.99,69.99,medium,low,8,namesilo,,,17/09/2026 01:39
c35e39ee-633a-441c-9f62-136bffe38d7b,observed.bio,available,9.99,69.99,high,low,8,namesilo,,,22/09/2026 09:25
f5903192-044a-43e7-8465-0a3561be1de4,behrens.bio,available,9.99,69.99,high,low,7,namesilo,,,23/09/2026 03:56
405cacca-ed4f-4b9d-813e-1023f77370f8,sighted.bio,available,5.38,58.16,high,low,7,spaceship,,,27/09/2026 21:56
930c2abd-0e13-4726-9fbf-f5a67a2fd507,pervasive.bio,available,5.98,84.98,high,low,9,namecheap,,,08/09/2026 17:44
05b930d5-6cea-4ae4-8ba5-e2d658ce2281,bellarmine.bio,available,9.99,69.99,medium,low,10,namesilo,,,23/09/2026 05:54
6c17fe43-ade9-4f35-8a9c-00979a0edbf4,teaches.bio,available,9.5,,medium,low,7,unstoppable,,,28/09/2026 08:58
4fc95142-5f26-4215-8f20-94afc68cd4da,streetcleaner.bio,available,9.99,,low,low,14,name.com,,,
952ed239-4dd1-47f0-88a9-0e2b6e9feb9a,annulated.bio,available,5.98,84.98,medium,low,9,namecheap,,,
4be77ce1-5cef-4a48-9183-0fe096d56e62,inorganic.bio,available,5.98,84.98,high,low,9,namecheap,,,22/08/2026 06:11
9f3a65d1-b5c7-4478-968d-69761d8308e0,quadruple.bio,available,5.98,84.98,high,low,9,namecheap,,,18/08/2026 13:24
635a3c38-e2a5-4ef8-a16c-c342e9194beb,leaning.bio,available,5.98,84.98,high,low,7,namecheap,,,07/08/2026 13:24
8b8ba12e-087c-4f8d-9266-376769b6baa1,amati.bio,available,9.99,69.99,medium,low,5,namesilo,,,18/09/2026 16:09
3d15b939-51c5-4d57-a8e9-b67178f8349d,fogged.bio,available,5.98,84.98,medium,low,6,namecheap,,,18/08/2026 09:51
86d4c4e5-1d68-4fde-9b20-e24d826f078f,occurs.bio,available,56.2,56.2,medium,low,6,cloudflare,,,28/09/2026 17:56
01e36fc3-3555-4dc3-bd01-1307188f59cb,gerry.bio,available,9.99,69.99,medium,low,5,namesilo,,,25/09/2026 15:41
d438b7be-3047-4e6e-b500-fa54a70960bc,maturity.bio,available,9.99,69.99,high,low,8,namesilo,,,17/09/2026 10:27
5e284325-d10c-40df-8d96-2f81a0c877b7,episode.bio,available,9.99,,high,low,7,name.com,,,
2448d69d-c2d0-4710-ae33-1041826222ed,octagonal.bio,available,5.98,84.98,medium,low,9,namecheap,,,04/09/2026 00:37
2c62b99a-6e8f-476b-a958-becbfbbd0473,dependable.bio,available,5.98,84.98,high,low,10,namecheap,,,14/08/2026 02:04
b21e743c-24d0-4c8b-a751-d8f5de0987ea,bypass.bio,available,9.99,69.99,high,low,6,namesilo,,,23/09/2026 07:09
85d7d22a-a67b-4d6d-b5a5-f5265e4ec1d9,sinuate.bio,available,5.98,84.98,high,low,7,namecheap,,,10/09/2026 08:36
97808e3a-42fb-4ee9-ad7e-7e48c7ebf32e,provide.bio,available,9.99,,high,low,7,name.com,,,
e06f3432-d792-4e8c-8fa8-9794adf062fc,enured.bio,available,5.98,84.98,low,low,6,namecheap,,,17/08/2026 09:59
f2ed2e31-6d3e-4299-aa4a-14300bb84850,flaring.bio,available,5.98,84.98,high,low,7,namecheap,,,
d19ffb65-f783-48b6-b3b6-191d572afa9c,corbin.bio,available,5.38,58.16,medium,low,6,spaceship,,,28/09/2026 07:42
5728e4e3-9288-4457-a0b1-020e21d928f0,annoyed.bio,available,5.98,84.98,medium,low,7,namecheap,,,22/09/2026 05:18
745c0cfd-b335-422e-b14f-9ce4d138f3bf,vedic.bio,resell,,,medium,low,5,"Spaceship, Inc.",20/04/2026 16:47,20/04/2027 16:47,26/09/2026 09:57
b75f8bda-d334-4169-89a5-34db93aa16dd,numerical.bio,available,5.98,84.98,medium,low,9,namecheap,,,03/09/2026 22:52
c16bc68a-e263-45ce-81d4-ab47d07c2140,hafnium.bio,available,9.99,69.99,medium,low,7,namesilo,,,20/09/2026 23:42
99550a39-5b5a-40a0-8361-199a2e26a874,glamourous.bio,available,5.98,84.98,high,low,10,namecheap,,,19/08/2026 00:17
ae0bd0c5-0fdb-45ca-8f2f-df79f40f886b,jibe.bio,available,5.98,84.98,medium,low,4,namecheap,,,22/09/2026 04:14
eeaed857-a79d-4851-b50e-922d3791b315,asheville.bio,available,5.98,84.98,high,low,9,namecheap,,,20/09/2026 13:49
d183922b-20a4-4f18-a5df-1bf20972763f,hassle.bio,available,5.38,58.16,high,low,6,spaceship,,,27/09/2026 16:35
dfd85935-e2dd-4c91-bc2f-ed26f08ad398,ashby.bio,available,9.5,,medium,low,5,unstoppable,,,28/09/2026 16:37
475dfcca-ef0e-4e3d-ae68-192959da1248,unvented.bio,available,5.98,84.98,low,low,8,namecheap,,,12/09/2026 22:11
4e70fd2c-3621-43e0-a3ec-4a961d69c4c3,fuzzed.bio,available,5.98,84.98,medium,low,6,namecheap,,,18/08/2026 19:20
3023ac44-ba51-4ff1-b62a-278318e4f8eb,orpin.bio,available,5.98,84.98,medium,low,5,namecheap,,,24/08/2026 08:00
d19330ce-c8a5-4db4-ac40-2048c82bd0b3,aerie.bio,available,,,high,medium,5,,,,
6943aa3c-ae64-4494-8cff-f7af366480d4,rican.bio,available,9.99,69.99,high,low,5,namesilo,,,25/09/2026 13:13
a67a37eb-946d-47da-a53a-2f987747620a,shirley.bio,available,9.99,69.99,high,low,7,namesilo,,,25/09/2026 13:56
696ce7a7-e1ce-4745-9d9d-d2fe1d9a4ce3,questions.bio,available,9.5,69.99,high,low,9,unstoppable,,,28/09/2026 07:02
ce1225b8-0f98-4f99-bb78-3ae5fa7584d4,despite.bio,available,9.99,,high,low,7,name.com,,,
e6edce6f-4ba0-4d43-af63-588f1879b8f1,abkhazian.bio,available,5.98,84.98,medium,low,9,namecheap,,,
cf8d1eb5-6619-487e-ae8e-9c465afc7296,jealous.bio,available,9.99,69.99,high,low,7,namesilo,,,24/09/2026 01:04
3e926d15-80de-4273-a882-b974dc1dbfcf,juristic.bio,available,5.98,84.98,medium,low,8,namecheap,,,22/08/2026 14:37
74ab55bd-175c-4913-9dff-90b674736ba6,traveling.bio,available,9.99,,high,low,9,name.com,,,
ce8e71e0-092b-4648-9706-0a5388333b25,malone.bio,available,9.99,69.99,high,low,6,namesilo,,,25/09/2026 05:13
cd214f17-d609-4390-9e20-863e9f691f17,bakeshop.bio,available,5.98,84.98,high,low,8,namecheap,,,21/09/2026 20:10
e581c4b5-ec01-4afa-8bea-57bcdd302add,tuppeny.bio,available,5.98,84.98,medium,low,7,namecheap,,,10/09/2026 09:12
30375184-ecd5-4290-b6d6-52a91b7159af,violent.bio,available,5.98,84.98,high,low,7,namecheap,,,11/09/2026 09:46
7933f47b-c4da-4571-bd9e-f92af5341817,resentful.bio,available,5.98,84.98,medium,low,9,namecheap,,,09/09/2026 14:48
5eac2a5a-d410-499c-8bb9-7d364a929e3e,backdrop.bio,available,5.98,84.98,high,low,8,namecheap,,,21/09/2026 15:21
8852f986-f22c-4de2-a367-479dd0c02335,jussieu.bio,available,9.99,69.99,medium,low,7,namesilo,,,19/09/2026 15:24
0d8c9d2c-e9bc-4efc-8cfd-47e2dd3c7c73,aquatic.bio,resell,,,high,low,7,"Spaceship, Inc.",20/04/2026 16:47,20/04/2027 16:47,26/09/2026 03:57
a5ab707c-b528-4091-a51b-c2a75406cf97,agitprop.bio,available,5.98,84.98,medium,low,8,namecheap,,,17/09/2026 18:14
d225ea13-489f-40a8-93dd-9db9b8134c3d,prying.bio,available,5.98,84.98,medium,low,6,namecheap,,,03/09/2026 21:52
a6657b1b-361c-4f61-a4d2-b4449d0af809,instal.bio,available,9.99,,high,low,6,name.com,,,
8c4e3cc7-d139-4ae7-827d-c842fece7d44,gushy.bio,available,5.98,84.98,medium,low,5,namecheap,,,20/08/2026 21:03
112e6fda-f4c0-4808-8255-8cfc4ef66f39,utica.bio,available,9.99,69.99,medium,low,5,namesilo,,,27/09/2026 16:08
a52c7bc7-5d44-4593-968e-51e992030f9b,hospitable.bio,available,5.98,84.98,high,low,10,namecheap,,,21/08/2026 14:16
6e0b0309-8746-4988-830b-4390d6c1e27b,arcsec.bio,available,9.99,69.99,medium,low,6,namesilo,,,20/09/2026 01:25
32956808-35e3-49ea-8ff5-b08768d521c6,verbatim.bio,available,5.98,84.98,high,low,8,namecheap,,,13/09/2026 02:21
da2d242b-0256-4b3a-8404-73ef3a46ce2e,beverley.bio,available,56.2,56.2,medium,low,8,cloudflare,,,29/09/2026 00:09
716b3893-158a-4baf-9c38-c9c4242280e7,mendicant.bio,available,5.98,84.98,medium,low,9,namecheap,,,24/08/2026 20:08
ddb52d9b-614b-47b2-a04e-5c73461cce03,ipsus.bio,available,9.99,69.99,medium,low,5,namesilo,,,22/09/2026 15:09
38b2370f-2a2d-48f6-8e75-ed4899590a2a,hookup.bio,available,9.99,,high,low,7,name.com,,,
9fa33021-b3aa-40cf-a8e6-25602ddd1923,leaky.bio,available,5.98,84.98,medium,low,5,namecheap,,,22/08/2026 22:01
7df576b8-8e75-4b3a-a6aa-e1b2a508d1bc,crippled.bio,available,5.98,84.98,medium,low,8,namecheap,,,13/08/2026 07:00
495784a7-44e8-4292-bdee-c7f1fcfba8af,woeful.bio,available,5.98,84.98,medium,low,6,namecheap,,,17/08/2026 16:46
401f3f3b-d07b-4e9b-923a-349db839b13a,ballistics.bio,available,9.99,69.99,high,low,10,namesilo,,,21/09/2026 22:57
20e2d0e3-234f-404d-b2ad-2c858d3652f7,tire.bio,available,9.99,69.99,high,low,4,namesilo,,,25/09/2026 11:34
fcc3faf3-95de-41fd-b9c4-6d241c60b09e,lifelong.bio,available,5.98,84.98,high,low,8,namecheap,,,23/08/2026 01:51
f344d105-100d-4fae-a9de-53ebde1db71d,fecal.bio,available,5.98,84.98,medium,low,5,namecheap,,,17/08/2026 20:38
55bf67e4-0f05-41bd-9765-90772fd106d5,stunting.bio,available,9.99,99.99,medium,low,8,name.com,,,17/09/2026 12:54
12ef771f-c103-439b-aaa7-db3bcdb64723,contemporary.bio,available,9.99,69.99,high,low,12,namesilo,,,28/09/2026 15:37
87c7039d-2cdb-4190-ab57-4f83a1832e37,empathic.bio,available,5.98,84.98,high,low,8,namecheap,,,16/08/2026 16:41
aa08c895-22c0-4fa9-b4e5-ded3f5ea1398,michelle.bio,premium,118.8,118.8,high,low,8,namesilo,,,25/09/2026 13:16
3c5fdd65-9b85-4bcd-ba6b-20a913d80039,lightwood.bio,available,5.98,84.98,medium,low,9,namecheap,,,16/09/2026 20:15
8a49e563-23c8-4ff7-8eda-b3887c5c76e1,pocketable.bio,available,5.98,84.98,medium,low,10,namecheap,,,08/09/2026 22:20
d6e284be-4b5b-4239-b68c-8794c7b85def,crying.bio,available,9.99,69.99,high,low,6,namesilo,,,24/09/2026 02:20
6af90df4-03b2-491f-8293-1d195c66bfe2,caledonia.bio,available,9.99,69.99,medium,low,9,namesilo,,,27/09/2026 03:27
34f157ff-6a18-4e51-a12b-09727f0c4699,kinda.bio,available,56.2,56.2,high,low,5,cloudflare,,,28/09/2026 16:02
86acc8db-3fa4-4ed7-90dc-7c27b007f3e9,bartender.bio,available,5.98,84.98,high,low,9,namecheap,,,22/09/2026 06:18
aa7b69df-1a95-44c8-b689-148e58393303,differently.bio,available,9.99,69.99,medium,low,11,namesilo,,,26/09/2026 03:11
d7b663aa-5893-4a7e-b418-cba858bb6cea,disappointed.bio,available,9.99,,medium,low,12,name.com,,,
08b05dc0-0247-4687-99ee-37fc587297c0,holding.bio,resell,9.99,,high,low,7,name.com,,,29/09/2026 02:03
8c2e6b99-54ba-419a-bd0e-0d674da13cb3,somalian.bio,available,5.98,84.98,medium,low,8,namecheap,,,10/09/2026 13:56
0ef7ed3a-b101-4626-8846-5806f41f1399,fledged.bio,available,5.98,84.98,medium,low,7,namecheap,,,18/08/2026 07:25
d1ae98b7-2834-46fd-8946-b3d50e1028bd,rushy.bio,available,5.98,84.98,medium,low,5,namecheap,,,09/09/2026 20:04
36595243-4201-4f5d-abd7-7fe9daa2d61f,protrusive.bio,available,5.98,84.98,medium,low,10,namecheap,,,09/09/2026 04:20
ad03e6bc-9b92-4a0c-bf9d-1deed9702e8c,boethius.bio,available,9.99,69.99,medium,low,8,namesilo,,,19/09/2026 08:26
6efc675c-16ac-4a46-a5da-fe5364647844,beachfront.bio,available,5.98,84.98,high,low,10,namecheap,,,22/09/2026 19:04
2ab0e8e0-be36-4b52-a2bc-8245989d42c8,permits.bio,available,9.5,,medium,low,7,unstoppable,,,28/09/2026 23:51
f9774e2c-c60e-466e-a2fd-c1b8935b92f9,taciturn.bio,available,5.98,84.98,medium,low,8,namecheap,,,11/09/2026 06:58
9ba8a23e-c084-44f4-8782-d973182edb44,thirty.bio,available,5.98,84.98,high,low,6,namecheap,,,
390c5965-80ae-41aa-8f75-1392221a96ec,miniscule.bio,available,5.98,84.98,medium,low,9,namecheap,,,24/08/2026 23:55
cea61534-54b0-4220-bb3a-834068c0bf77,regiment.bio,available,9.5,,medium,low,8,unstoppable,,,28/09/2026 20:17
d136958c-d3bf-49d8-b3b1-2c294663761d,sumbody.bio,available,9.99,,medium,low,7,name.com,,,
c20f1f52-8879-45ab-bd24-52cd8a4a5aa9,mods.bio,available,9.99,69.99,high,low,4,namesilo,,,25/09/2026 12:08
607d225e-8c96-41cc-b3df-335d519fb9e6,hokum.bio,available,5.98,84.98,medium,low,5,namecheap,,,03/09/2026 20:34
68774858-59da-401b-81ef-21a3ce78beaa,cannily.bio,available,5.98,84.98,medium,low,7,namecheap,,,14/09/2026 05:10
c30d2807-11bc-42b6-a3c5-db5f25cafb78,glove.bio,available,9.99,69.99,high,low,5,namesilo,,,29/09/2026 01:21
9886ba1b-bb63-4e70-86b2-20f87e12227d,scribble.bio,available,5.98,84.98,high,low,8,namecheap,,,24/09/2026 11:35
ccf0a838-bf9a-4afa-baea-cd5882254468,extends.bio,available,9.99,69.99,medium,low,7,namesilo,,,18/09/2026 17:32
7e6597e4-e768-4906-bd5b-b30d2e1314a3,worrisome.bio,available,5.98,84.98,medium,low,9,namecheap,,,14/08/2026 13:21
ebd1273c-a258-4772-b516-fea75e16d8ce,abe.bio,premium,118.8,118.8,high,low,3,namesilo,,,25/09/2026 11:28
00bde484-3e2f-48d6-aca1-3f535f580752,hour.bio,available,5.38,58.16,high,low,4,spaceship,,,28/09/2026 16:53
52375acb-5397-4e86-bc46-6fa3c1dcdaa0,classics.bio,available,9.5,,high,low,8,unstoppable,,,28/09/2026 13:44
726fec0d-f51c-47fc-8fb6-3550a0e8fa9c,bombay.bio,available,5.38,58.16,medium,low,6,spaceship,,,29/09/2026 00:15
f6689278-bc50-473c-84c5-e03d8f59b88f,arrays.bio,available,5.98,84.98,medium,low,6,namecheap,,,20/09/2026 09:17
a30bd801-f725-424e-b16c-53496089d37d,inpatient.bio,available,9.99,69.99,medium,low,10,namesilo,,,20/09/2026 21:46
6c8b0fda-9dfe-4e3e-9f47-e5fb92146310,nonesuch.bio,available,5.98,84.98,medium,low,8,namecheap,,,03/09/2026 20:13
ef6ecf6a-376b-417f-8470-9e9773ac66cf,superable.bio,available,5.98,84.98,medium,low,9,namecheap,,,11/09/2026 02:14
94b4c112-7ff4-469d-94e9-b32fd2cbe20f,avionic.bio,available,5.98,84.98,medium,low,7,namecheap,,,07/08/2026 23:35
174edcfa-b4a7-41db-9807-8406e879dd6f,eisenhower.bio,available,5.38,58.16,medium,low,10,spaceship,,,28/09/2026 19:01
ca713156-517f-4347-bb18-bc5a2bfa83cf,sinusoidal.bio,available,5.98,84.98,high,low,10,namecheap,,,10/09/2026 08:42
0a81ffb4-805d-4ee1-9a28-3e2a00f135c2,arpeggio.bio,available,5.98,84.98,high,low,8,namecheap,,,20/09/2026 08:37
03b7f0b6-3280-4efa-9d29-56d3e2553b4a,seek.bio,resell,,,high,low,4,"Xiamen ChinaSource Internet Service Co., Ltd",16/12/2025 15:15,16/12/2026 15:15,28/09/2026 23:05
d4d99b5b-adfa-4401-87f2-d70e2d305efb,majority.bio,available,56.2,56.2,high,low,8,cloudflare,,,28/09/2026 17:11
a2e6d732-866f-4139-8eca-83cc107a50fd,retrieved.bio,available,9.99,,medium,low,9,name.com,,,
7d150c4d-6845-4fa0-876e-f2e943e02887,investigators.bio,available,9.99,69.99,medium,low,13,namesilo,,,29/09/2026 00:00
9bf92dee-9654-4734-830c-782acf8b83f1,prisoners.bio,available,5.98,84.98,medium,low,9,namecheap,,,25/09/2026 20:27
92fe5329-2a4c-49ad-8e8a-9a9dbce97c73,victim.bio,available,9.99,,high,low,6,name.com,,,
f0e02484-c18b-4517-b27a-596c29216c9d,sinking.bio,available,5.38,58.16,medium,low,7,spaceship,,,28/09/2026 06:45
906eb946-98a5-4c6b-8fba-fb2b1697b9fb,connell.bio,available,9.99,69.99,medium,low,7,namesilo,,,28/09/2026 22:06
e6e978a8-dd1f-4c05-ac5c-a6c27f91e2b7,basswood.bio,available,9.99,69.99,medium,low,8,namesilo,,,22/09/2026 12:34
400dbdfd-3c85-47d3-8a0c-fc083d68827c,arng.bio,available,9.99,69.99,medium,low,4,namesilo,,,20/09/2026 08:02
f95d0570-cb45-49b8-9327-cf78c7b2f552,aesthesis.bio,available,9.99,69.99,medium,low,9,namesilo,,,17/09/2026 13:32
e652142a-1722-472a-8423-417ec28c59e0,rarest.bio,available,9.99,69.99,medium,low,6,namesilo,,,20/09/2026 08:14
39902e6d-9f08-4170-92db-6cb455c69647,slaves.bio,available,9.99,69.99,low,low,6,namesilo,,,27/09/2026 23:05
6a786eb1-d75f-4fd1-bb46-795176c857d0,terzetto.bio,available,5.98,84.98,medium,low,8,namecheap,,,
9d974ed1-6c4d-4c77-912b-c6d175c5a8eb,seaward.bio,available,5.98,84.98,medium,low,7,namecheap,,,22/08/2026 06:58
3b7240cd-a635-44da-a63b-a17438d7b88c,digging.bio,available,5.38,58.16,high,low,7,spaceship,,,27/09/2026 13:02
6bd6e5cc-5ee8-4206-b485-284e8ac067ad,drumhead.bio,available,5.98,84.98,medium,low,8,namecheap,,,14/08/2026 20:15
6a783e56-5d73-4324-9fe3-01a0ea859992,interesting.bio,available,9.99,,high,low,11,name.com,,,
eadd9324-0e56-45a1-af15-490d755b000b,burly.bio,available,5.98,84.98,medium,low,5,namecheap,,,09/08/2026 07:54
8b962494-b852-4569-806f-835271567b0c,fuss.bio,available,5.98,84.98,high,low,4,namecheap,,,17/09/2026 09:21
d9405382-2ba5-4448-9560-8d9968232a2c,punched.bio,available,9.99,69.99,medium,low,7,namesilo,,,19/09/2026 01:53
0a56be19-2c6c-42a4-9969-262d2d59264b,window.bio,available,9.99,,high,low,6,name.com,,,
0c1b90c6-fe8a-42ac-858c-68110b06a7c2,fordham.bio,available,9.99,69.99,medium,low,7,namesilo,,,27/09/2026 07:54
51ff2f7c-3a55-4c79-8a81-1b02c0da813c,sublunar.bio,available,5.98,84.98,medium,low,8,namecheap,,,12/08/2026 08:27
fd9b0b20-03d5-4a15-9ab9-53bc47ed1d1d,recess.bio,available,9.99,69.99,medium,low,6,namesilo,,,28/09/2026 13:53
f0c1d01c-dc9b-4610-b5ab-530cf4b04fc4,auvergne.bio,premium,118.8,118.8,medium,low,8,namesilo,,,21/09/2026 08:32
54940fa7-a93b-458c-bae1-8ca4136fc34e,buzzing.bio,available,5.98,84.98,high,low,7,namecheap,,,
c5297ab6-331c-48ad-9cbe-6748afc59b2d,mri.bio,resell,,,high,low,3,"Spaceship, Inc.",04/07/2026 21:23,04/07/2027 21:23,26/09/2026 07:40
74a77e70-7a64-4736-8b5c-017b9eb73fd4,partitioned.bio,available,9.99,99.99,low,low,11,name.com,,,18/09/2026 12:14
6b6d6332-d7f9-4e38-8d9e-aa8cbd04909f,abducent.bio,available,5.98,84.98,medium,low,8,namecheap,,,
37450f59-3bee-4e1a-8fc7-9a58f661169a,boards.bio,available,9.5,,high,low,6,unstoppable,,,29/09/2026 03:05
69628cf8-7ae0-477f-b96c-048abb6ea3de,blair.bio,available,5.98,84.98,high,low,5,namecheap,,,19/09/2026 13:36
943952a8-d13c-47b1-8fa4-296819ca57eb,stints.bio,available,9.99,69.99,medium,low,6,namesilo,,,20/09/2026 14:23
f75fdee4-9e21-4b05-b93b-654738f0c348,expectable.bio,available,5.98,84.98,medium,low,10,namecheap,,,17/08/2026 18:02
30825d7a-cccf-48d7-8f29-ab552d1c1176,atrophic.bio,available,5.98,84.98,medium,low,8,namecheap,,,07/08/2026 14:52
84fc3f27-3c53-4925-99b8-151b42c99ac6,outfitted.bio,available,5.98,84.98,medium,low,9,namecheap,,,04/09/2026 19:24
cd1fb14b-1e97-45d0-a697-0f6b88f3ae57,beanbag.bio,available,5.98,84.98,high,low,7,namecheap,,,22/09/2026 20:20
d35e782c-223e-4bd9-827e-240c97d417db,retiring.bio,available,56.2,56.2,high,low,8,cloudflare,,,27/09/2026 13:20
22194530-d901-4ddf-bffb-b652caf7698f,copula.bio,available,5.98,84.98,medium,low,6,namecheap,,,13/08/2026 00:42
e5f75d59-f358-4970-a670-651013026e3c,armoured.bio,available,5.98,84.98,medium,low,8,namecheap,,,06/08/2026 20:10
f33178d1-356f-474f-b1ed-1975372b46d3,horace.bio,available,56.2,56.2,high,low,6,cloudflare,,,28/09/2026 02:07
9b72b02b-0a2f-434b-94c0-8c1ba2cdfd32,pentagon.bio,resell,,,high,low,8,,,,28/09/2026 06:34
8854a62a-88dc-45e4-89be-c722e2c3b168,coffeecakes.bio,available,9.99,69.99,medium,low,11,namesilo,,,21/09/2026 00:59
e6c6401d-bc40-41ab-998e-509d86695024,hyman.bio,available,56.2,56.2,medium,low,5,cloudflare,,,28/09/2026 16:48
f5a599c9-f0cd-4155-a2ec-fb24d5076447,jody.bio,available,9.99,,high,low,4,name.com,,,
c71c1d88-6426-4ddf-8c8e-2ddaf24ff2eb,tympanic.bio,available,5.98,84.98,medium,low,8,namecheap,,,11/09/2026 22:25
b1472c67-52e3-4a3b-9589-1d59b626e838,trimly.bio,available,9.99,69.99,medium,low,6,namesilo,,,16/09/2026 09:29
5e35996e-2ba0-488d-bd9f-9722fea43437,forwards.bio,available,5.98,84.98,high,low,8,namecheap,,,18/08/2026 12:49
b7476433-5f68-4081-a035-7ee24e2a2a6f,recommended.bio,available,9.99,69.99,medium,low,11,namesilo,,,28/09/2026 08:36
92e8b3be-4e23-40c1-8303-78ff3653707c,ninth.bio,available,5.98,84.98,high,low,5,namecheap,,,
c5fc09d0-ed6e-4280-9d76-a321ab8bcb7a,semitic.bio,available,5.98,84.98,medium,low,7,namecheap,,,10/09/2026 03:32
1643bb69-5840-42e7-a861-0d3d2bb5823c,ost.bio,premium,99.5,,high,low,3,unstoppable,,,29/09/2026 03:13
b83c6168-6be2-43e3-b324-4c26feccb088,wellbeing.bio,premium,102.67,102.67,high,low,9,spaceship,,,28/09/2026 09:56
5d9df87a-e76b-4370-b282-8633692932c4,depraved.bio,available,5.98,84.98,medium,low,8,namecheap,,,14/08/2026 02:29
c72ce67e-10a2-41dd-aace-2783d1ee1f22,middling.bio,available,5.98,84.98,medium,low,8,namecheap,,,22/08/2026 13:46
efbe0a66-41f4-4f2f-a020-2e3fc6fb57e7,homelike.bio,available,5.98,84.98,medium,low,8,namecheap,,,21/08/2026 11:03
9e5684f4-347b-4585-85ef-632f0f33bbad,archetypal.bio,available,5.98,84.98,medium,low,10,namecheap,,,06/08/2026 15:32
f6166513-9d15-4f43-b38d-24df0fdbff48,clog.bio,available,5.98,84.98,medium,low,4,namecheap,,,24/09/2026 15:50
10d07624-0484-4340-815b-2444c20482b3,theocratic.bio,available,5.98,84.98,medium,low,10,namecheap,,,11/09/2026 12:52
74a0a667-419c-4f4c-bfc8-de81bcffa6a0,besides.bio,available,9.5,,medium,low,7,unstoppable,,,28/09/2026 11:58
e9dde12e-e7f3-4c85-a077-1f3a5a8242fb,impairment.bio,available,9.99,99.99,medium,low,10,name.com,,,13/08/2026 19:25
c820ce3d-d734-4040-98e1-bf4b85ccbe58,kirk.bio,available,5.98,84.98,high,low,4,namecheap,,,25/09/2026 08:51
aa44f063-243e-411b-b8ae-9bc5cd81ff96,dinar.bio,available,9.99,69.99,high,low,5,namesilo,,,18/09/2026 07:02
7d7050f6-b7ec-4c0b-99db-2860ddf640b1,whiney.bio,available,5.98,84.98,medium,low,6,namecheap,,,09/09/2026 08:35
6ac32414-bfa7-4407-9d69-cf3d8165cb67,edmund.bio,available,5.98,84.98,high,low,6,namecheap,,,25/09/2026 19:09
9b732719-f3dc-4c58-a741-2a4b56797e84,excuses.bio,available,5.38,58.16,medium,low,7,spaceship,,,28/09/2026 23:11
84275a37-11c9-461e-abb4-cfe75648f673,finished.bio,available,5.98,84.98,high,low,8,namecheap,,,24/09/2026 18:27
fab89135-0d88-439e-958c-4f6eb17f8562,triumphant.bio,available,5.98,84.98,high,low,10,namecheap,,,17/08/2026 19:56
da0d24a5-2983-4671-80a4-1d5357af33d5,twisty.bio,available,5.98,84.98,high,low,6,namecheap,,,11/09/2026 21:54
77568c1d-aa67-4954-aab5-382616f8f8cd,valved.bio,available,5.98,84.98,medium,low,6,namecheap,,,13/09/2026 01:03
365eedcb-3768-4278-8b34-af169a5f492b,exigent.bio,available,5.98,84.98,medium,low,7,namecheap,,,13/08/2026 09:31
b0316d60-36cc-4257-bb38-25788fced745,aigret.bio,available,5.98,84.98,medium,low,6,namecheap,,,17/09/2026 20:56
6f1afafe-4796-4252-8606-8f7bcbf4c3fe,unthought.bio,available,5.98,84.98,medium,low,9,namecheap,,,12/09/2026 12:35
d10bfeca-48fd-4c01-b286-e5dac6f1ec40,ablution.bio,available,9.99,69.99,medium,low,8,namesilo,,,16/09/2026 16:14
2a619074-d44c-4871-aabe-f225cbded259,sit.bio,resell,,,high,low,3,Dynadot Inc,10/05/2026 05:28,10/05/2027 05:28,26/09/2026 09:03
5c9237b0-86be-4a24-8ec4-d31dc2c9bbda,indium.bio,available,9.99,69.99,medium,low,6,namesilo,,,20/09/2026 23:11
bf194f31-48b0-4255-93ec-31d0fb48b1a5,tertiary.bio,available,5.98,84.98,medium,low,8,namecheap,,,
33a316c1-332f-4e21-9ca1-6ab7a09e1e53,wordy.bio,available,5.98,84.98,medium,low,5,namecheap,,,24/08/2026 09:32
c218578c-473e-4338-8ca7-3d2301046414,analyzer.bio,resell,,,high,low,8,Dynadot Inc,06/12/2025 18:53,06/12/2026 18:53,26/09/2026 03:51
a7d3cec2-1931-469d-b506-1c2fc6bee38a,annam.bio,available,9.99,69.99,medium,low,5,namesilo,,,19/09/2026 10:09
9da5fe2d-dbe8-4db8-8aa7-ccd37e2a332a,sate.bio,available,5.98,84.98,medium,low,4,namecheap,,,09/09/2026 14:30
61e9f6f0-08c2-4cb3-bf63-1536a425c0df,returnable.bio,available,5.98,84.98,high,low,10,namecheap,,,09/09/2026 15:55
7b1b9d6d-e5d9-4518-8045-9a72aeb85ea2,matisse.bio,available,9.99,,high,low,7,name.com,,,
96dfa629-7a49-416c-b998-7b9626d2de83,xanax.bio,available,5.98,84.98,medium,low,5,namecheap,,,18/09/2026 14:09
0ea65067-0b31-4c81-baee-814b990a8e0e,dietetic.bio,available,5.98,84.98,medium,low,8,namecheap,,,14/08/2026 06:56
4b886a67-c7fd-4649-8acf-5496c0de5054,lays.bio,available,9.5,,medium,low,4,unstoppable,,,29/09/2026 05:27
8d40a952-2b57-4112-af53-00445d0c3e9c,agrologic.bio,available,5.98,84.98,medium,low,9,namecheap,,,
8f8f707d-8227-478c-98fa-18c6dedfe436,outward.bio,available,5.98,84.98,high,low,7,namecheap,,,04/09/2026 19:00
54114a7a-bb96-4312-8229-3562e28b97b4,chairs.bio,available,5.98,84.98,medium,low,6,namecheap,,,17/09/2026 18:32
2cc51059-ece5-4228-8175-11d5be398763,smatter.bio,available,9.99,69.99,medium,low,7,namesilo,,,24/09/2026 04:48
c539e987-3786-455e-9185-d8cfb4abaf95,blowout.bio,available,5.38,58.16,high,low,7,spaceship,,,27/09/2026 16:59
34c73e83-e8e8-4073-ab06-799da60560a9,senile.bio,available,5.98,84.98,medium,low,6,namecheap,,,14/08/2026 14:36
62db551c-5752-452c-9227-9e7db88a790a,amour.bio,premium,118.8,118.8,high,low,5,namesilo,,,17/09/2026 14:07
f229e07f-62b5-41b1-8b5c-ede6bf777c81,clemens.bio,available,9.99,69.99,medium,low,7,namesilo,,,27/09/2026 12:32
667007a6-ac47-40da-970c-b54a9ab8a130,ferocious.bio,available,5.98,84.98,medium,low,9,namecheap,,,18/08/2026 02:05
687e0c64-2414-46b7-bdcd-8821d865f8bf,chanted.bio,available,5.98,84.98,medium,low,7,namecheap,,,12/08/2026 02:00
4515a7f8-bbcd-4131-a2ee-02250a7d0750,material.bio,resell,,,high,low,8,IONOS SE,16/09/2014 12:50,16/09/2027 12:50,26/09/2026 07:27
e39bf28d-d1b8-4331-873f-ba2740655486,choir.bio,available,9.99,,high,low,5,name.com,,,
a5f0001b-9318-4b79-9ef0-a05cd419410d,experiences.bio,available,5.38,58.16,high,low,11,spaceship,,,28/09/2026 04:46
462aed12-12df-4dc5-8c76-b652e7fe2eec,clustered.bio,available,5.98,84.98,medium,low,9,namecheap,,,
ae95000b-8aed-4051-8798-a0788a43f790,askew.bio,available,5.98,84.98,medium,low,5,namecheap,,,07/08/2026 03:31
62d07464-f1ad-409c-be12-b38bfea4d5f3,miraculous.bio,available,5.98,84.98,high,low,10,namecheap,,,21/08/2026 02:29
194035f3-46dc-47d0-ba90-dadab85f3e27,septet.bio,available,5.98,84.98,medium,low,6,namecheap,,,
9baeae64-3b2b-4cae-8657-f6716a3b9c66,voodoo.bio,resell,,,high,low,6,,,,29/09/2026 00:55
1b1b8567-01b0-4c0b-a392-6c58ef3abbc3,calcic.bio,available,5.98,84.98,medium,low,6,namecheap,,,11/08/2026 13:49
96c9e54d-277e-4126-b8df-aeda07e5d35f,untangled.bio,available,5.98,84.98,medium,low,9,namecheap,,,12/09/2026 20:57
f38dcae8-d2aa-4249-81fb-35f79128c743,beloved.bio,available,5.98,84.98,high,low,7,namecheap,,,09/08/2026 13:47
f29b9445-7524-4864-b4d0-bb75839317f3,tattooing.bio,available,9.99,69.99,high,low,9,namesilo,,,18/09/2026 01:47
6fdd0fbc-787e-4595-8e26-e2a1d9c3975c,apogee.bio,resell,,,high,low,6,"Spaceship, Inc.",07/03/2026 06:31,07/03/2027 06:31,26/09/2026 03:56
fae5660e-b9a7-4407-a653-fc3751f500d9,resurgent.bio,available,5.98,84.98,high,low,9,namecheap,,,09/09/2026 13:53
b3b02ce5-d187-4de3-a1e6-4d43ef3522b0,mate.bio,resell,,,high,low,4,"Xiamen ChinaSource Internet Service Co., Ltd",25/11/2025 15:15,25/11/2026 15:15,26/09/2026 07:27
ecf5b72d-c188-402b-a701-405bbb9ec222,ague.bio,available,5.98,84.98,medium,low,4,namecheap,,,
abc1e8f4-6c15-4331-bae3-4cd87ff2f92a,arborist.bio,available,9.99,69.99,medium,low,8,namesilo,,,20/09/2026 00:51
984fe26a-2c9a-45d8-9916-798eb17a7696,flank.bio,available,9.5,,medium,low,5,unstoppable,,,28/09/2026 19:13
9aba790a-d722-45e6-bc11-7018db2fc6d4,peacefully.bio,available,5.98,84.98,high,low,10,namecheap,,,15/09/2026 19:23
5e811dea-9632-475f-998b-47330c38a7ea,bedsit.bio,available,9.99,69.99,medium,low,6,namesilo,,,22/09/2026 23:36
126b19c3-8f2b-401c-964c-9a1e591f26b2,hatted.bio,available,5.98,84.98,medium,low,6,namecheap,,,21/08/2026 01:22
9286324b-1c8c-40c0-9145-7ec40d56cc13,refugees.bio,available,9.99,69.99,low,low,8,namesilo,,,29/09/2026 05:48
14cd22f2-e3bd-49ea-9a60-6fec2d8750f5,contrabass.bio,available,5.98,84.98,medium,low,10,namecheap,,,12/08/2026 23:28
6e968631-792a-4d14-a403-a5329add1e9d,brussels.bio,premium,118.8,118.8,high,low,8,namesilo,,,23/09/2026 04:57
ef7a7cda-f1f9-4b53-a1fd-f2272450617e,bangalore.bio,available,9.99,69.99,high,low,9,namesilo,,,22/09/2026 01:45
700688a2-a3c6-44e1-b6be-2244a4c5cbfb,tottering.bio,available,5.98,84.98,medium,low,9,namecheap,,,11/09/2026 18:14
79231441-a6bc-4c1a-832f-1e726ee3c9bc,algiers.bio,available,9.99,69.99,medium,low,7,namesilo,,,18/09/2026 06:59
4b5e7374-3d6b-4340-b515-bcec59f842c8,wand.bio,available,5.98,84.98,high,low,4,namecheap,,,22/09/2026 14:13
75b91fe5-b599-4267-89d3-d3c4edb0ee97,poole.bio,available,9.99,69.99,high,low,5,namesilo,,,25/09/2026 17:31
0dffa22b-05f3-4dd7-9c89-2c95999f141f,raiment.bio,available,5.98,84.98,medium,low,7,namecheap,,,19/09/2026 19:57
aac30c81-a255-4a17-a893-ce8a37da4c5f,fantasm.bio,available,5.98,84.98,medium,low,7,namecheap,,,08/09/2026 18:39
2fc95157-ea2d-4721-b5bc-86bbb1e81359,usefully.bio,available,5.98,84.98,medium,low,8,namecheap,,,16/09/2026 10:28
f65c2e0b-df31-47a7-b1eb-a21a22470fa0,wesley.bio,available,5.98,84.98,high,low,6,namecheap,,,25/09/2026 22:12
57d1cee2-6a09-4c6f-a797-dc6e6dc8f4f0,shoal.bio,available,5.98,84.98,high,low,5,namecheap,,,10/09/2026 05:46
312d7210-571c-4455-adf3-aa6d8168db39,trichrome.bio,available,5.98,84.98,medium,low,9,namecheap,,,11/09/2026 19:24
d0df68f4-14b3-4533-829b-78c71fb46fd9,cystic.bio,available,9.99,99.99,medium,low,6,name.com,,,13/08/2026 14:36
2e94f20b-ad2e-4577-ab5d-ed0ef3f80abe,undisciplined.bio,available,9.99,,medium,low,13,name.com,,,
d44d625b-92cb-4776-9a68-ae36e5f892dd,slovenian.bio,available,5.98,84.98,medium,low,9,namecheap,,,10/09/2026 11:19
6014373d-8d63-42df-abcb-1dea40ca8949,favourable.bio,available,9.99,69.99,high,low,10,namesilo,,,24/09/2026 17:24
81f84565-a57d-4150-a949-f100c5bff454,napped.bio,available,5.98,84.98,medium,low,6,namecheap,,,18/08/2026 07:44
3ee8471a-f6fb-41da-882b-415c26b1820e,hector.bio,available,5.98,84.98,medium,low,6,namecheap,,,11/08/2026 08:59
9e098338-e096-487f-b34a-03156f488588,antipasto.bio,available,9.99,69.99,medium,low,9,namesilo,,,19/09/2026 14:52
569ba857-1ba6-4308-b4be-373104273fde,humbly.bio,available,5.98,84.98,high,low,6,namecheap,,,15/09/2026 01:22
316ed350-fa35-496b-8dd3-f5a4d786c7a9,abelard.bio,available,9.99,69.99,medium,low,7,namesilo,,,16/09/2026 14:59
ed6f46dd-0061-4d6b-8375-35b14d3561fc,goosey.bio,available,5.98,84.98,medium,low,6,namecheap,,,14/08/2026 16:06
093429e8-e4d0-43fe-b01a-bfe57851df32,anglerfish.bio,available,9.99,69.99,medium,low,10,namesilo,,,18/09/2026 11:41
b2abf9b9-cd4a-46e7-affd-8d45a5ed61f1,phrases.bio,available,9.99,,medium,low,7,name.com,,,
33375161-b621-422b-b96b-b915425d8a52,franchise.bio,resell,,,high,low,9,"NameCheap, Inc.",09/03/2023 15:28,09/03/2027 15:28,26/09/2026 06:14
0c2ad103-74e4-4641-bd2b-92d17091fd0b,skeptical.bio,available,5.98,84.98,medium,low,9,namecheap,,,14/08/2026 09:34
d153a489-1b80-487d-9f7e-06a71721bb7f,vagrant.bio,available,5.98,84.98,high,low,7,namecheap,,,14/08/2026 19:18
fdfd4599-3a5c-4c78-914e-8e082003cb3f,assist.bio,resell,,,high,low,6,"Spaceship, Inc.",17/02/2026 17:03,17/02/2027 17:03,26/09/2026 04:05
ec5c78d8-d027-4fed-a2d1-0c5166cf69e6,symons.bio,available,9.99,69.99,medium,low,6,namesilo,,,20/09/2026 11:07
54f564d1-a3e9-4eff-9967-467606e30ae3,communally.bio,available,5.98,84.98,medium,low,10,namecheap,,,14/09/2026 07:33
65ce4713-0e7e-4867-b8f4-bd775ed0c045,addled.bio,available,5.98,84.98,medium,low,6,namecheap,,,
7cf2dce6-3699-47cf-82b7-25ff00b485f6,stopped.bio,available,56.2,56.2,high,low,7,cloudflare,,,28/09/2026 01:05
03aa2301-230f-4525-8815-052043a3ff27,fled.bio,available,9.5,,low,low,4,unstoppable,,,28/09/2026 12:32
21517ed1-f46b-4886-a5c4-2704c79c6f9b,hangnail.bio,available,5.98,84.98,medium,low,8,namecheap,,,17/09/2026 18:26
deee4481-4859-4c63-a418-38195c650967,hanna.bio,premium,54.36,108.6,high,low,5,porkbun,,,28/09/2026 07:49
b12fd3d9-c5a8-48a0-9b18-3f3c983fb2d5,bail.bio,available,5.98,84.98,high,low,4,namecheap,,,21/09/2026 18:59
e8328956-f28d-4972-89f7-401a82ef908b,custer.bio,available,9.99,69.99,medium,low,6,namesilo,,,28/09/2026 01:44
d8d80fd4-692f-4229-801e-2bcc8d4d84cc,therein.bio,available,5.98,84.98,medium,low,7,namecheap,,,15/09/2026 07:03
ce46e8a2-be5e-4ce7-8efa-968a151722da,fetid.bio,available,5.98,84.98,medium,low,5,namecheap,,,18/08/2026 02:24
e3600560-d0a5-4b99-9aff-6440dde1eae6,uppercase.bio,available,9.99,69.99,high,low,9,namesilo,,,25/09/2026 16:20
bdd11b2a-cf62-45b8-ad62-998b86f3e838,rheologic.bio,available,5.98,84.98,medium,low,9,namecheap,,,09/09/2026 16:35
fc2108e4-2040-4870-ac44-8bf89956d2e2,pathless.bio,available,5.98,84.98,medium,low,8,namecheap,,,08/09/2026 10:25
e3163a01-7942-451c-acfe-fbed8ddae4b2,baize.bio,available,5.98,84.98,medium,low,5,namecheap,,,21/09/2026 19:59
c66d35f1-95fc-4705-be1f-ba1185e61267,beany.bio,available,5.98,84.98,medium,low,5,namecheap,,,22/09/2026 20:33
489a3899-cb96-4fbc-9ffe-a5f026bc6959,turkic.bio,available,5.98,84.98,medium,low,6,namecheap,,,11/09/2026 21:14
e6b3a55d-6d52-4b50-ae1b-ae347a15cc52,theropod.bio,available,5.98,84.98,medium,low,8,namecheap,,,23/09/2026 19:39
b333d7ff-6e12-4ad3-a040-e7780dc362d7,scar.bio,available,9.99,69.99,high,low,4,namesilo,,,24/09/2026 15:00
6d96d468-abde-4f4e-860b-7b8819b7c6f4,engels.bio,available,56.2,56.2,medium,low,6,cloudflare,,,28/09/2026 14:01
add0d899-6338-4905-a1b1-69fc772fb9d1,notified.bio,available,56.2,56.2,medium,low,8,cloudflare,,,28/09/2026 05:08
a93010fd-6b2f-44d3-a07e-595f95922989,alabaster.bio,available,5.98,84.98,high,low,9,namecheap,,,
f721a474-e7c9-4403-be3f-d2a3588d9642,kerr.bio,available,5.98,84.98,high,low,4,namecheap,,,25/09/2026 19:26
b42b205a-4efe-46bb-a3b8-a263811d978d,magpie.bio,available,9.99,69.99,high,low,6,namesilo,,,21/09/2026 12:29
3028a41e-e10a-4b7a-a946-d4776d1977a6,inexplicit.bio,available,5.98,84.98,medium,low,10,namecheap,,,21/08/2026 22:39
ef231b45-6bc1-4aaa-a497-f89b81d88fe5,racket.bio,available,9.99,69.99,medium,low,6,namesilo,,,28/09/2026 14:13
4a080bdf-bec9-46f4-b79b-14560aef402f,resolvent.bio,available,5.98,84.98,medium,low,9,namecheap,,,10/09/2026 13:54
d37b3168-af7c-451f-b828-6f8804c29b10,edirne.bio,available,9.99,69.99,medium,low,6,namesilo,,,17/09/2026 10:01
6c853705-00f8-4859-8fe2-3a7c5df3029a,wideband.bio,available,5.98,84.98,high,low,8,namecheap,,,13/09/2026 11:50
f7f7bca2-8c91-4b77-a7f8-0e685e642962,numeric.bio,available,5.98,84.98,high,low,7,namecheap,,,03/09/2026 22:54
6541100f-2d7e-4334-b152-0795a9bbd6ed,afters.bio,available,9.99,69.99,medium,low,6,namesilo,,,17/09/2026 15:48
b3515b6c-939a-497e-b21c-0f692560d83d,truck.bio,resell,,,high,low,5,Dynadot Inc,17/05/2026 06:14,17/05/2027 06:14,26/09/2026 09:46
74383e75-bf7d-4e87-b073-3f1affa840f5,iffy.bio,available,5.98,84.98,medium,low,4,namecheap,,,18/08/2026 09:22
64af4bb1-9d12-4cba-8760-fad0855e4873,prayed.bio,available,9.99,69.99,medium,low,6,namesilo,,,18/09/2026 02:41
0e6f523d-4208-4d26-91f1-fa9f44853da6,absolver.bio,available,5.98,84.98,medium,low,8,namecheap,,,16/09/2026 18:07
b7ea1576-d613-4eb8-bba7-675ff09a3cb0,unclutter.bio,available,5.98,84.98,high,low,9,namecheap,,,12/08/2026 10:28
7b9d540e-1a6f-4f9e-85e3-6ccfe8f9430c,neuronic.bio,available,5.98,84.98,low,low,8,namecheap,,,03/09/2026 16:21
ca304cd7-5a31-4b92-af82-b974406c307b,consummate.bio,available,5.98,84.98,high,low,10,namecheap,,,23/09/2026 21:29
7681039d-d4f0-4443-be52-62de179f3168,unleavened.bio,available,5.98,84.98,medium,low,10,namecheap,,,12/09/2026 14:46
38a0ecae-37ed-48a7-a75d-aeb9ce8ecb15,adulterous.bio,available,5.98,84.98,medium,low,10,namecheap,,,
ac07c9e3-223f-461e-a7a6-c935a331027d,filmed.bio,available,5.98,84.98,high,low,6,namecheap,,,18/08/2026 04:25
3e4baaba-5478-49b3-bb07-7f894a7faf18,allowable.bio,available,5.98,84.98,high,low,9,namecheap,,,
b05368c4-f60f-43d6-b2df-6c82597a946e,jacobean.bio,available,5.98,84.98,medium,low,8,namecheap,,,22/08/2026 11:47
b587fecb-12a9-45fe-b7a9-d320926fff11,airport.bio,resell,9.99,,high,low,7,Dynadot Inc,16/05/2026 18:44,16/05/2027 18:44,28/09/2026 19:10
278285cd-2af6-49c2-8aab-e753180179d5,unlawful.bio,available,5.98,84.98,medium,low,8,namecheap,,,21/08/2026 19:54
1bd3cc32-b31c-4f60-874b-ad9d70783e9e,razorbill.bio,available,5.98,84.98,medium,low,9,namecheap,,,18/09/2026 03:39
e6bcee81-436f-49ef-bd5a-db926c261b54,thallium.bio,available,9.99,69.99,medium,low,8,namesilo,,,20/09/2026 23:51
4778adf9-cadb-4fa2-9e9b-e0deca5b3b38,pledge.bio,resell,,,high,low,6,,,,27/09/2026 15:17
bfb4ca38-98f4-4474-8a69-b7745e876efb,greenberg.bio,available,5.98,84.98,high,low,9,namecheap,,,27/09/2026 04:16
9bc10241-4162-444b-aca0-c4ca8c5db876,dowry.bio,available,5.98,84.98,high,low,5,namecheap,,,24/09/2026 23:36
c77f68d4-6353-4394-8747-b3213a801789,minatory.bio,available,5.98,84.98,low,low,8,namecheap,,,24/08/2026 19:58
668aec09-96ac-4cd0-ae20-a78d7323ba3c,reputable.bio,available,5.98,84.98,high,low,9,namecheap,,,09/09/2026 14:45
60e471e7-e8d5-421d-9593-118a35382875,imbecile.bio,available,5.98,84.98,medium,low,8,namecheap,,,21/08/2026 20:22
1341f722-b9b6-4645-8472-34beee30f3a4,blower.bio,available,5.98,84.98,medium,low,6,namecheap,,,12/08/2026 01:06
2fba7717-1639-42b5-9b58-dd42d177981e,pill.bio,resell,,,medium,low,4,"Spaceship, Inc.",10/02/2026 18:00,10/02/2027 18:00,28/09/2026 21:31
ccbbf914-bd30-4f0c-972c-2ee2835e8022,lxvii.bio,available,5.98,84.98,medium,low,5,namecheap,,,
6eec8d01-74f5-4ec9-9032-39bad03e2bb4,lovingness.bio,available,5.98,84.98,high,low,10,namecheap,,,11/08/2026 19:18
2b430205-7ae9-4b4f-97a1-86101b72c2cc,bean.bio,premium,118.8,118.8,high,low,4,namesilo,,,29/09/2026 01:40
ad249382-ec17-4d0a-bb05-b03e9a169294,category.bio,available,9.99,69.99,high,low,8,namesilo,,,24/09/2026 13:09
516f8d5b-aea8-49bf-9bc6-c30fcb2ae918,urged.bio,available,9.99,69.99,medium,low,5,namesilo,,,19/09/2026 03:59
044a8bc2-154f-42f5-b822-21da2b6a0c8a,spinous.bio,available,5.98,84.98,medium,low,7,namecheap,,,
9873ed01-e395-44bc-90cc-85d597b0b260,unique.bio,resell,,,high,medium,6,"Sav.com, LLC - 46",19/05/2026 15:15,19/05/2027 15:15,28/09/2026 09:43
479c3f89-48db-472c-a4bc-133dbb541db1,calamitous.bio,available,5.98,84.98,medium,low,10,namecheap,,,11/08/2026 13:28
586d366c-e647-4504-aed2-449d8edf163b,diplomatic.bio,available,9.99,69.99,high,low,10,namesilo,,,24/09/2026 10:36
a85d363c-63c7-4e69-be5a-326b6b3bfe2c,advertence.bio,available,9.99,69.99,medium,low,10,namesilo,,,17/09/2026 11:06
9770f300-f11a-4ded-944b-cc65e78d498f,sternal.bio,available,5.98,84.98,low,low,7,namecheap,,,10/09/2026 20:18
5d0255b3-be21-4f20-8744-a032dd5d9e94,xiii.bio,available,9.99,69.99,high,low,4,namesilo,,,21/09/2026 11:34
f817ab5a-1484-4613-9545-de2b23f49bd8,stew.bio,available,56.2,56.2,medium,low,4,cloudflare,,,28/09/2026 09:50
4da3f4ab-9510-4a7e-b85c-0618a62fe997,wilsonian.bio,available,5.98,84.98,medium,low,9,namecheap,,,13/09/2026 12:02
f40d06b3-78d1-42e5-bede-00567dc09180,advocator.bio,available,9.99,69.99,medium,low,9,namesilo,,,17/09/2026 11:45
4b2d9478-0932-4e89-b853-4f9cbf41c433,dangerous.bio,available,9.99,99.99,high,low,9,name.com,,,13/08/2026 17:15
ee9846cb-4b38-4a5c-bf62-a681f368967c,weighted.bio,available,5.98,84.98,high,low,8,namecheap,,,13/09/2026 10:08
04a46646-f46e-41f9-a6da-c05c4ac7806a,visitor.bio,available,9.99,69.99,high,low,7,namesilo,,,25/09/2026 15:14
9d52555e-d917-43a0-a37d-f9aa1f1662ea,preston.bio,available,5.98,84.98,high,low,7,namecheap,,,25/09/2026 20:01
9be6d0dd-3f1f-4faf-9a4a-fedaffc265a1,apostolic.bio,available,5.98,84.98,medium,low,9,namecheap,,,06/08/2026 04:04
dc794c4a-d2ed-444a-be97-5ab33c35d9c4,potbelly.bio,available,5.98,84.98,medium,low,8,namecheap,,,22/09/2026 17:43
f7515fa4-85c8-4ed1-bdd8-a83090f139bb,luminous.bio,resell,,,high,low,8,"Sav.com, LLC - 22",09/09/2026 15:16,09/09/2027 15:16,26/09/2026 07:20
6bb633f6-ed9d-4d80-8d21-58fad9a225aa,bombast.bio,available,9.99,69.99,medium,low,7,namesilo,,,24/09/2026 03:35
6e3d9686-f29b-4e10-a7bb-8b57a7014c09,peptic.bio,available,5.98,84.98,medium,low,6,namecheap,,,08/09/2026 15:53
450363fd-2fbe-4446-ac39-0a5873364df9,faddish.bio,available,5.98,84.98,medium,low,7,namecheap,,,17/08/2026 20:33
0e5296ac-e83a-4a9f-935f-c494a2da738a,inundated.bio,available,5.98,84.98,medium,low,9,namecheap,,,08/08/2026 00:29
970294b1-aa94-488d-b6f0-29df17773a78,diverging.bio,available,5.98,84.98,high,low,9,namecheap,,,14/08/2026 13:37
47897e1b-25c7-42e6-86b4-a936c56a0661,bmdo.bio,available,9.99,69.99,medium,low,4,namesilo,,,21/09/2026 22:57
684328c6-486a-462d-b7cb-efc027937ef2,wanly.bio,available,9.99,69.99,low,low,5,namesilo,,,16/09/2026 11:19
31d5fbe3-a738-416a-bcb3-9d1f851bf8f9,nevermore.bio,available,5.98,84.98,medium,low,9,namecheap,,,15/09/2026 16:30
365d4080-6d5e-4a6e-969a-40f17eabbd6b,amora.bio,available,5.98,84.98,high,low,5,namecheap,,,18/09/2026 22:38
5b0b4603-8e8e-4d07-b785-5cea7d324315,boehm.bio,available,9.99,69.99,high,low,5,namesilo,,,23/09/2026 03:39
072d1deb-bc3f-492f-a433-f5578b0e3019,growing.bio,available,9.99,69.99,high,low,7,namesilo,,,19/09/2026 05:23
53886dbd-8b46-4e06-95e1-0871e580895a,challenger.bio,available,56.2,56.2,high,low,10,cloudflare,,,29/09/2026 06:18
578a9d73-4bab-4888-8e6c-7d195b947b62,winless.bio,available,5.98,84.98,medium,low,7,namecheap,,,13/09/2026 12:35
7cda4f2a-0d45-476a-85b0-5da02411268a,sasquatch.bio,available,9.99,69.99,high,low,9,namesilo,,,23/09/2026 15:07
331de01d-65f2-40f3-8823-78b30e79db0d,zoo.bio,resell,,,high,low,3,"Global Domains International, Inc. DBA DomainCostClub.com",16/01/2026 15:15,16/01/2027 15:15,26/09/2026 10:17
8897499f-da0f-479d-82e1-2e7b384caa81,brushy.bio,available,5.98,84.98,medium,low,6,namecheap,,,10/08/2026 20:19
41e05956-2b45-4d23-b686-caaa7df19b80,gatherer.bio,available,9.99,69.99,medium,low,8,namesilo,,,16/09/2026 23:20
124c14ba-0a52-483b-a72e-487fd11dc9d6,scrubby.bio,available,5.98,84.98,medium,low,7,namecheap,,,09/09/2026 23:39
d01de606-8005-4504-958b-7888fa6921ca,dryden.bio,available,5.38,58.16,medium,low,6,spaceship,,,28/09/2026 05:32
fee8541e-2805-4f80-beb5-21cd371c70f8,flavorous.bio,available,5.98,84.98,medium,low,9,namecheap,,,18/08/2026 07:08
c6372187-bbcc-4b3e-8946-b76307e12592,realise.bio,available,9.99,69.99,high,low,7,namesilo,,,27/09/2026 16:29
a6dfeb5a-4369-4c20-af02-c9c2e734eace,twopenny.bio,available,5.98,84.98,medium,low,8,namecheap,,,10/09/2026 09:10
d96ff34e-5929-4211-b121-631f9aaa89d4,college.bio,resell,,,high,low,7,Dynadot Inc,08/05/2026 07:42,08/05/2027 07:42,26/09/2026 05:07
8e8492dc-8e62-4c55-bd1d-4e40ca797a17,aloof.bio,available,5.98,84.98,medium,low,5,namecheap,,,
baa668c7-c943-4b7c-a7d3-82aba6b1dda6,medieval.bio,available,5.98,84.98,high,low,8,namecheap,,,12/08/2026 06:12
dbf5e6f8-162e-483e-be83-37fdc62efd75,gilding.bio,available,5.98,84.98,high,low,7,namecheap,,,18/08/2026 23:37
2c4e3b76-f1da-4169-93bb-1cd0ed642300,needfully.bio,available,5.98,84.98,medium,low,9,namecheap,,,15/09/2026 16:20
bac28175-c8f5-4574-90d7-c33a0f01e6e9,pretender.bio,available,5.98,84.98,high,low,9,namecheap,,,08/09/2026 19:12
f4b7d9a5-a65b-4ed1-b91d-97d456c0e048,beefcake.bio,available,5.98,84.98,medium,low,8,namecheap,,,23/09/2026 01:06
25293a9b-f623-4cbd-a899-e614c274f2e4,lorraine.bio,available,9.99,69.99,high,low,8,namesilo,,,25/09/2026 09:09
a43fb73f-578d-4cdc-9bf8-f727a4590c70,impeccably.bio,available,5.98,84.98,medium,low,10,namecheap,,,15/09/2026 02:11
885694d0-5e3f-4c56-ab69-b9b9531bcb0d,knowing.bio,available,9.99,69.99,high,low,7,namesilo,,,25/09/2026 10:04
bb12dc9e-9c2d-4d6d-b175-d533a4129c86,maddened.bio,available,5.98,84.98,medium,low,8,namecheap,,,
e1d3e49c-f7ee-4aef-b646-b1a3da331d2d,ignorance.bio,available,56.2,56.2,medium,low,9,cloudflare,,,28/09/2026 10:08
44bf9c88-7237-4ac7-a790-2b6170627977,informers.bio,available,9.99,69.99,medium,low,9,namesilo,,,21/09/2026 09:19
17b49ef0-c85b-4a5e-84f4-eee609f3a21f,pigweed.bio,available,5.98,84.98,medium,low,7,namecheap,,,18/09/2026 15:54
4bf92d79-d350-47c6-8ffa-dca05119b064,subaquatic.bio,available,5.98,84.98,medium,low,10,namecheap,,,10/09/2026 23:28
7c26fc91-e486-4dea-a9fa-ef6b8b95103c,maxine.bio,available,56.2,56.2,medium,low,6,cloudflare,,,28/09/2026 22:02
eabc3b99-93bf-4526-8267-1e61ed643283,substitute.bio,available,9.99,69.99,high,low,10,namesilo,,,22/09/2026 02:40
01a2da78-2256-4757-9512-3402ba2b3ff7,amoeboid.bio,available,5.98,84.98,medium,low,8,namecheap,,,
a806196f-c954-475d-ac99-c4f7e4d0c4f3,soupy.bio,available,5.98,84.98,medium,low,5,namecheap,,,09/08/2026 01:20
7e828cdf-800e-4904-adf4-169e9aeaf281,offices.bio,available,9.99,69.99,medium,low,7,namesilo,,,18/09/2026 05:07
ce6e3350-a77b-4cdf-a0e0-2135801f67f7,horrifying.bio,available,5.98,84.98,medium,low,10,namecheap,,,18/08/2026 15:42
ece70f1d-5c64-4bd6-b3d9-f1e8e5c7a7a2,harmsworth.bio,available,9.99,69.99,medium,low,10,namesilo,,,18/09/2026 06:27
f9221b7d-593d-42d7-a549-1b1945640a22,harmonised.bio,available,5.98,84.98,high,low,10,namecheap,,,12/08/2026 22:52
5997c9a8-d9e1-470d-9945-442576b2411a,vulpine.bio,available,5.98,84.98,medium,low,7,namecheap,,,13/09/2026 07:26
a8b8f8dc-ff58-4da2-b2da-5e61ec9e2a59,confront.bio,available,5.66,58.19,medium,low,8,porkbun,,,28/09/2026 09:44
c45502c1-b676-4206-b7d1-fd63ebc93585,priest.bio,available,9.99,69.99,high,low,6,namesilo,,,27/09/2026 04:53
90ded502-07d1-42cd-ad20-7f4f3ca1bc3f,glinting.bio,available,5.98,84.98,medium,low,8,namecheap,,,
68096063-2456-4273-9b33-77f6a2a670ee,glissando.bio,available,5.98,84.98,medium,low,9,namecheap,,,14/09/2026 21:37
f455d439-5824-43c5-9598-a5596c3ceec8,sumerian.bio,available,5.98,84.98,high,low,8,namecheap,,,11/09/2026 01:33
992ad080-854e-4dc4-ae0e-c4c79ba9342d,planless.bio,available,5.98,84.98,medium,low,8,namecheap,,,
d25e9105-3df9-4d37-97e9-ab7be396739c,deserving.bio,available,5.98,84.98,high,low,9,namecheap,,,14/08/2026 03:29
5698452f-11b5-4980-a9a8-17ec77c7904a,sloe.bio,available,5.98,84.98,medium,low,4,namecheap,,,18/09/2026 10:21
30b86571-2a46-419a-88d8-6d32dda4f667,chancy.bio,available,5.98,84.98,medium,low,6,namecheap,,,12/08/2026 01:41
3044b5c7-e3d6-461a-8065-2b5fe9106075,pathogenic.bio,available,5.98,84.98,medium,low,10,namecheap,,,22/08/2026 04:17
c01a2d45-2c88-48bc-94cb-a5c62a0db331,brie.bio,available,56.2,56.2,medium,low,4,cloudflare,,,29/09/2026 04:09
9d5bdb00-0a7b-4cb5-b47a-22921e9b1fac,gandhian.bio,available,5.98,84.98,high,low,8,namecheap,,,18/08/2026 20:06
fdb419eb-8613-4ee6-880b-781e9a0cbb99,ives.bio,available,9.99,69.99,high,low,4,namesilo,,,25/09/2026 22:11
26e7b0c1-9c05-4d04-8e9d-cfc5451f8b5f,dinah.bio,available,9.5,,medium,low,5,unstoppable,,,29/09/2026 03:55
4b67cc5f-4a8e-4818-a2e6-e001c73d2371,ampul.bio,available,9.99,69.99,medium,low,5,namesilo,,,18/09/2026 23:49
cfcfb509-2536-4674-86ec-fbf5b84ba74b,marilyn.bio,premium,128.7,128.7,high,low,7,namecheap,,,27/09/2026 06:57
24ee906c-cd59-4248-ae14-b3d2c95ff540,secrets.bio,available,9.99,99.99,medium,low,7,name.com,,,25/09/2026 19:59
72dce00e-5126-4d5f-b9a4-fecd72c636d7,alkyd.bio,available,9.99,69.99,medium,low,5,namesilo,,,18/09/2026 08:33
dba5c6e7-fb49-40ca-a36f-2472f92d22b0,barack.bio,available,5.38,58.16,high,low,6,spaceship,,,28/09/2026 07:27
be9a0a33-cd2e-43d0-bb9e-e0211985e23e,cornered.bio,available,5.98,84.98,medium,low,8,namecheap,,,07/08/2026 11:02
c061ae5d-77af-4eda-80a7-8d7b51de6c43,albanian.bio,available,5.98,84.98,high,low,8,namecheap,,,
c8494041-71ba-44a4-a2b9-bb202c07f43c,bandits.bio,available,9.99,69.99,medium,low,7,namesilo,,,21/09/2026 01:18
15df022d-c42b-4a6b-bd33-890de910b920,incapable.bio,available,5.98,84.98,medium,low,9,namecheap,,,22/08/2026 00:49
3f28ed76-d427-4702-844f-105b7dcc8c5e,unaware.bio,available,5.98,84.98,medium,low,7,namecheap,,,22/08/2026 01:38
c9c0456f-761b-4f9e-98db-654bfd6b7dba,deane.bio,available,9.99,69.99,medium,low,5,namesilo,,,28/09/2026 12:11
6baeb8a8-2169-4172-a24b-1417d6ba2676,anomala.bio,available,9.99,69.99,medium,low,7,namesilo,,,19/09/2026 11:24
499f3074-111d-432b-8d77-176f67ea14aa,austrian.bio,available,9.99,69.99,high,low,8,namesilo,,,22/09/2026 13:38
71f4b750-5945-48b6-a63a-bfb0b18027e0,heroin.bio,available,9.99,69.99,medium,low,6,namesilo,,,24/09/2026 22:03
99ab8b8d-50ad-4553-a0ff-b1690cffa698,donnish.bio,available,5.98,84.98,low,low,7,namecheap,,,14/08/2026 15:53
9eb5da0d-3808-4c06-9121-d28ce8e322c9,erbium.bio,available,5.98,84.98,medium,low,6,namecheap,,,20/09/2026 23:37
c58046cb-cb83-4699-a318-7e0ad1af01f1,riskless.bio,available,5.98,84.98,medium,low,8,namecheap,,,09/09/2026 17:59
2c6b32de-b416-4c6c-b485-dffdc3d2e8c4,hunger.bio,available,9.99,,high,low,6,name.com,,,
4a781a52-2519-4c4e-a1c7-13fa05b53dea,woolf.bio,available,9.99,69.99,medium,low,5,namesilo,,,17/09/2026 07:19
e01d29ae-9f09-4b10-9b62-8a1ef9054027,antiracist.bio,available,9.99,,high,low,11,name.com,,,
e8abb299-369a-4aed-9322-d0ca607ed79d,travers.bio,available,9.99,69.99,medium,low,7,namesilo,,,28/09/2026 16:18
58a8d65e-f2b9-417d-8b2d-78fbbc194c36,pet.bio,resell,,,high,medium,3,"Sav.com, LLC - 29",31/05/2024 15:15,31/05/2027 15:15,26/09/2026 08:07
2adb2bea-6abf-4cff-8f9e-5e734f9e447c,adsorption.bio,available,9.99,69.99,medium,low,10,namesilo,,,17/09/2026 10:05
c98dfed9-e7e1-4532-92f6-6c7c018f9219,xlvii.bio,available,5.98,84.98,medium,low,5,namecheap,,,
b509002a-1688-4147-bd2a-7bd709ae5427,assessor.bio,available,9.99,69.99,high,low,8,namesilo,,,20/09/2026 16:19
2bb5d5dd-6836-4144-a15f-eff066f99c38,appleton.bio,available,5.98,84.98,medium,low,8,namecheap,,,19/09/2026 21:41
43152ef7-f988-4f76-b786-0005bd4be4b0,clitoral.bio,available,5.98,84.98,medium,low,8,namecheap,,,12/08/2026 11:25
b8ef51a9-7de1-42fc-9d4d-8bf80aa4b7d9,nasally.bio,available,5.98,84.98,medium,low,7,namecheap,,,15/09/2026 16:10
7632c4d1-bcf1-42b5-84e5-1d1b40db989c,finitely.bio,available,5.98,84.98,medium,low,8,namecheap,,,14/09/2026 18:35
69aebae7-395c-43d0-b896-0f53c3bfea70,norfolk.bio,available,9.99,,high,low,7,name.com,,,
005cde80-b486-45f5-b10e-6a493e256515,arcade.bio,resell,,,high,low,6,Dynadot Inc,17/05/2026 06:15,17/05/2027 06:15,26/09/2026 03:58
14cd0891-5d0c-47a2-a6b4-2517dd087390,sherman.bio,available,9.99,69.99,high,low,7,namesilo,,,25/09/2026 09:27
1d974d53-85b5-407f-a423-d549606cec56,franck.bio,premium,,,medium,low,6,,,,29/09/2026 00:24
9f8d7443-ef7c-4024-bc85-2c0f1678b057,cubical.bio,available,5.98,84.98,medium,low,7,namecheap,,,13/08/2026 09:51
f98d1d9b-13a4-40f1-ac78-d061b39ef6f4,leftish.bio,available,5.98,84.98,medium,low,7,namecheap,,,22/08/2026 22:47
4b9e078f-a001-41d0-9d1c-b67c5b2727ab,unhatched.bio,available,5.98,84.98,medium,low,9,namecheap,,,12/09/2026 12:05
3c848177-3fa4-4200-8e2d-c9d236b74485,ragweed.bio,available,9.99,69.99,medium,low,7,namesilo,,,23/09/2026 08:50
25a15d1f-ce01-42c5-8e30-c315196e4b33,bluetooth.bio,available,9.99,,high,low,9,name.com,,,
d36aca83-51f7-4f7c-b8bb-81e5825d46e4,dye.bio,available,9.99,,high,low,3,name.com,,,
7c7c8def-7389-4ba9-a1f1-e9ce07c0370b,querulous.bio,available,5.98,84.98,medium,low,9,namecheap,,,09/09/2026 08:33
082c6040-2952-4789-a9a4-799b1d69468e,inhibit.bio,available,9.99,,high,low,7,name.com,,,
12fa8b0e-03e5-4374-a9d2-a6411a7d8516,aphorism.bio,available,5.98,84.98,medium,low,8,namecheap,,,19/09/2026 17:09
475d14ea-fb37-4f3a-80b9-ff7ab1c2e859,malian.bio,available,5.98,84.98,high,low,6,namecheap,,,24/08/2026 14:00
322bac3a-3557-4bf0-9e54-7543018d9816,evelyn.bio,available,9.99,69.99,high,low,6,namesilo,,,25/09/2026 14:39
916c2d34-5db6-46ba-abc6-efb9862b90b8,tasks.bio,premium,118.8,118.8,high,low,5,namesilo,,,
9407cac0-463a-4dcd-9e48-5deeb63af1ce,monastery.bio,available,9.5,,high,low,9,unstoppable,,,28/09/2026 19:54
03d85e54-7422-40ed-b4c0-cb1bef386df5,answerer.bio,available,9.99,69.99,medium,low,8,namesilo,,,19/09/2026 12:14
cdceab4a-df08-4b3b-b6af-71c6900dd70b,poorly.bio,available,9.99,69.99,medium,low,6,namesilo,,,25/09/2026 07:34
9a56956e-a02a-49a6-912e-362a04429cb3,modishly.bio,available,5.98,84.98,medium,low,8,namecheap,,,15/09/2026 15:15
4e6d4140-fba5-4671-97e9-0778696e2995,cheyenne.bio,available,9.99,69.99,high,low,8,namesilo,,,24/09/2026 12:34
c19def0a-7704-4e00-8afc-93d3f4b88aae,bulldog.bio,premium,128.7,128.7,high,low,7,namecheap,,,24/09/2026 11:08
1a7028ed-b242-4bcb-a77c-171aef1a649a,budget.bio,resell,9.99,,high,low,6,name.com,,,29/09/2026 05:05
cdccdb8a-8420-4d5f-8da2-b5740eca8f6e,bouquet.bio,available,9.99,69.99,high,low,7,namesilo,,,24/09/2026 07:35
128bb2dc-57c0-4ee4-aa85-f0a6f012f6da,eolotropic.bio,available,5.98,84.98,medium,low,10,namecheap,,,
a27523ee-fb68-46d0-a532-ef69cbcc7ebe,rostrum.bio,available,9.99,69.99,medium,low,7,namesilo,,,18/09/2026 17:15
0df74747-b928-4703-82aa-cb138a36f0bc,utility.bio,resell,,,high,low,7,"Sav.com, LLC - 30",08/05/2026 15:15,08/05/2027 15:15,26/09/2026 09:55
cdeb8bea-5650-43cf-a163-8581b173fcd7,optical.bio,premium,640,640,high,low,7,namesilo,,,04/09/2026 00:42
cb2cfd83-1e12-4f20-a1ef-a606a4893322,deepening.bio,available,5.98,84.98,medium,low,9,namecheap,,,13/08/2026 23:00
d0da73aa-f209-431a-86da-e9cffab4aeee,overstated.bio,available,5.98,84.98,medium,low,10,namecheap,,,17/08/2026 15:36
6d64463f-f82e-4fdb-991b-2ec94dc92da9,vandalism.bio,available,9.99,,medium,low,9,name.com,,,
e357d88a-823d-466e-8ac0-43e4dabefbf0,toothy.bio,available,5.98,84.98,medium,low,6,namecheap,,,11/09/2026 17:20
230f8979-098a-4eb5-891c-4851ffba1cc9,foul.bio,available,5.98,84.98,high,low,4,namecheap,,,
0574c23b-6bc5-4d35-9d46-42bc553b589e,philatelic.bio,available,5.98,84.98,medium,low,10,namecheap,,,08/09/2026 18:49
96162156-b7e6-4075-9160-cfaadf80bf6a,unfilmed.bio,available,5.98,84.98,medium,low,8,namecheap,,,12/09/2026 10:14
88589d08-a7f7-4658-8e6a-5af51a505df0,ecosystem.bio,resell,,,high,low,9,,,,28/09/2026 02:43